CodeA,CodeB,CodeC,Pre,Post,smiles
95,104,197,35,511,CC(C)(C)OC(=O)[C@H](CCC(=O)N[C@@H](Cc1ccc(C#N)cc1)C(=O)O)NC(=O)c1ccc(S(N)(=O)=O)cc1
8,34,197,24,162,COC(=O)C[C@H](NC(=O)[C@H](CCCCNc1ccc([N+](=O)[O-])cc1[N+](=O)[O-])NC(=O)c1ccc(S(N)(=O)=O)cc1)C(=O)O
95,34,197,28,96,N#Cc1ccc(C[C@H](NC(=O)[C@H](CCCCNc2ccc([N+](=O)[O-])cc2[N+](=O)[O-])NC(=O)c2ccc(S(N)(=O)=O)cc2)C(=O)O)cc1
132,34,197,25,87,NS(=O)(=O)c1ccc(C(=O)N[C@@H](CCCCNc2ccc([N+](=O)[O-])cc2[N+](=O)[O-])C(=O)N[C@@H](Cc2csc3ccccc23)C(=O)O)cc1
7,34,197,39,155,NS(=O)(=O)c1ccc(C(=O)N[C@@H](CCCCNc2ccc([N+](=O)[O-])cc2[N+](=O)[O-])C(=O)N[C@@H](CC(=O)O)C(=O)OCc2ccccc2)cc1
131,34,197,26,70,NS(=O)(=O)c1ccc(C(=O)N[C@@H](CCCCNc2ccc([N+](=O)[O-])cc2[N+](=O)[O-])C(=O)N[C@@H](Cc2ccc(O)cc2)C(=O)O)cc1
117,34,197,22,74,CC(C)(C)[C@H](NC(=O)[C@H](CCCCNc1ccc([N+](=O)[O-])cc1[N+](=O)[O-])NC(=O)c1ccc(S(N)(=O)=O)cc1)C(=O)O
116,34,197,17,67,NC(=O)C[C@H](NC(=O)[C@H](CCCCNc1ccc([N+](=O)[O-])cc1[N+](=O)[O-])NC(=O)c1ccc(S(N)(=O)=O)cc1)C(=O)O
108,34,197,36,96,C#CC[C@@H](NC(=O)[C@H](CCCCNc1ccc([N+](=O)[O-])cc1[N+](=O)[O-])NC(=O)c1ccc(S(N)(=O)=O)cc1)C(=O)O
59,34,197,15,56,CC(C)[C@H](NC(=O)CNC(=O)[C@H](CCCCNc1ccc([N+](=O)[O-])cc1[N+](=O)[O-])NC(=O)c1ccc(S(N)(=O)=O)cc1)C(=O)O
186,34,197,19,85,NS(=O)(=O)c1ccc(C(=O)N[C@@H](CCCCNc2ccc([N+](=O)[O-])cc2[N+](=O)[O-])C(=O)N[C@H](Cc2c[nH]c3ccccc23)C(=O)O)cc1
81,34,197,20,56,NS(=O)(=O)c1ccc(C(=O)N[C@@H](CCCCNc2ccc([N+](=O)[O-])cc2[N+](=O)[O-])C(=O)N2Cc3ccccc3C[C@@H]2C(=O)O)cc1
56,34,197,27,76,NS(=O)(=O)c1ccc(C(=O)N[C@@H](CCCCNc2ccc([N+](=O)[O-])cc2[N+](=O)[O-])C(=O)N[C@H](Cc2ccc(O)cc2)C(=O)O)cc1
71,34,197,12,88,NS(=O)(=O)c1ccc(C(=O)N[C@@H](CCCCNc2ccc([N+](=O)[O-])cc2[N+](=O)[O-])C(=O)N[C@@H](Cc2cc(I)c(O)c(I)c2)C(=O)O)cc1
35,104,197,18,147,CC(C)(C)OC(=O)[C@H](CCC(=O)N[C@@H](CCCCNc1ccc([N+](=O)[O-])cc1[N+](=O)[O-])C(=O)O)NC(=O)c1ccc(S(N)(=O)=O)cc1
60,34,197,21,67,NS(=O)(=O)c1ccc(C(=O)N[C@@H](CCCCNc2ccc([N+](=O)[O-])cc2[N+](=O)[O-])C(=O)N[C@@H](Cc2ccc(I)cc2)C(=O)O)cc1
116,104,197,32,130,CC(C)(C)OC(=O)[C@H](CCC(=O)N[C@@H](CC(N)=O)C(=O)O)NC(=O)c1ccc(S(N)(=O)=O)cc1
96,34,197,11,66,NS(=O)(=O)c1ccc(C(=O)N[C@@H](CCCCNc2ccc([N+](=O)[O-])cc2[N+](=O)[O-])C(=O)N[C@@H](Cc2ccc(Br)s2)C(=O)O)cc1
79,34,197,25,74,CC(C)C[C@H](NC(=O)[C@H](CCCCNc1ccc([N+](=O)[O-])cc1[N+](=O)[O-])NC(=O)c1ccc(S(N)(=O)=O)cc1)C(=O)N1[C@H](C(=O)O)COC1(C)C
74,34,197,29,84,NS(=O)(=O)c1ccc(C(=O)N[C@@H](CCCCNc2ccc([N+](=O)[O-])cc2[N+](=O)[O-])C(=O)N[C@@H](Cc2ccc(F)c(F)c2)C(=O)O)cc1
123,34,197,7,50,NS(=O)(=O)c1ccc(C(=O)N[C@@H](CCCCNc2ccc([N+](=O)[O-])cc2[N+](=O)[O-])C(=O)N[C@H](Cc2ccc(-c3ccccc3)cc2)C(=O)O)cc1
55,34,197,10,51,NS(=O)(=O)c1ccc(C(=O)N[C@@H](CCCCNc2ccc([N+](=O)[O-])cc2[N+](=O)[O-])C(=O)N[C@@H](Cc2ccc(OP(=O)(O)O)cc2)C(=O)O)cc1
82,34,197,9,44,NS(=O)(=O)c1ccc(C(=O)N[C@@H](CCCCNc2ccc([N+](=O)[O-])cc2[N+](=O)[O-])C(=O)N[C@H](Cc2ccc(I)cc2)C(=O)O)cc1
135,34,197,26,48,NS(=O)(=O)c1ccc(C(=O)N[C@@H](CCCCNc2ccc([N+](=O)[O-])cc2[N+](=O)[O-])C(=O)N[C@H](Cc2ccc3ccccc3c2)C(=O)O)cc1
84,34,197,16,30,NS(=O)(=O)c1ccc(C(=O)N[C@@H](CCCCNc2ccc([N+](=O)[O-])cc2[N+](=O)[O-])C(=O)N[C@H](Cc2cccc(I)c2)C(=O)O)cc1
107,34,197,7,73,NS(=O)(=O)c1ccc(C(=O)N[C@@H](CCCCNc2ccc([N+](=O)[O-])cc2[N+](=O)[O-])C(=O)N2Cc3ccccc3C[C@H]2C(=O)O)cc1
94,34,197,6,62,NS(=O)(=O)c1ccc(C(=O)N[C@@H](CCCCNc2ccc([N+](=O)[O-])cc2[N+](=O)[O-])C(=O)N[C@H](CC(=O)O)Cc2ccccc2F)cc1
92,34,197,16,64,Cc1[nH]c2ccccc2c1C[C@@H](NC(=O)[C@H](CCCCNc1ccc([N+](=O)[O-])cc1[N+](=O)[O-])NC(=O)c1ccc(S(N)(=O)=O)cc1)C(=O)O
27,34,197,27,81,NS(=O)(=O)c1ccc(C(=O)N[C@@H](CCCCNc2ccc([N+](=O)[O-])cc2[N+](=O)[O-])C(=O)N[C@@H](Cc2ccsc2)C(=O)O)cc1
134,34,197,22,60,COc1ccc(C[C@H](NC(=O)[C@H](CCCCNc2ccc([N+](=O)[O-])cc2[N+](=O)[O-])NC(=O)c2ccc(S(N)(=O)=O)cc2)C(=O)O)cc1
61,34,197,21,64,NS(=O)(=O)c1ccc(C(=O)N[C@@H](CCCCNc2ccc([N+](=O)[O-])cc2[N+](=O)[O-])C(=O)N[C@@H](Cc2ccc(I)cc2)C(=O)O)cc1
49,34,197,16,47,C[C@@H](OCc1ccccc1)[C@H](NC(=O)[C@H](CCCCNc1ccc([N+](=O)[O-])cc1[N+](=O)[O-])NC(=O)c1ccc(S(N)(=O)=O)cc1)C(=O)O
188,34,197,30,65,CC(C)(C)[C@@H](NC(=O)[C@H](CCCCNc1ccc([N+](=O)[O-])cc1[N+](=O)[O-])NC(=O)c1ccc(S(N)(=O)=O)cc1)C(=O)O
97,34,197,20,51,CC(=NCC[C@H](NC(=O)[C@H](CCCCNc1ccc([N+](=O)[O-])cc1[N+](=O)[O-])NC(=O)c1ccc(S(N)(=O)=O)cc1)C(=O)O)C1=C(O)CC(C)(C)CC1=O
75,34,197,9,28,NS(=O)(=O)c1ccc(C(=O)N[C@@H](CCCCNc2ccc([N+](=O)[O-])cc2[N+](=O)[O-])C(=O)N[C@@H](Cc2ccccn2)C(=O)O)cc1
95,23,197,25,105,CC(C)(C)OC(=O)[C@@H](CCC(=O)N[C@@H](Cc1ccc(C#N)cc1)C(=O)O)NC(=O)c1ccc(S(N)(=O)=O)cc1
85,34,197,12,39,NS(=O)(=O)c1ccc(C(=O)N[C@@H](CCCCNc2ccc([N+](=O)[O-])cc2[N+](=O)[O-])C(=O)N[C@H](Cc2ccccc2I)C(=O)O)cc1
8,34,24,11,47,COC(=O)C[C@H](NC(=O)[C@H](CCCCNc1ccc([N+](=O)[O-])cc1[N+](=O)[O-])NC(=O)CNCc1ccc(OC)cc1O)C(=O)O
104,34,197,25,31,NS(=O)(=O)c1ccc(C(=O)N[C@@H](CCCCNc2ccc([N+](=O)[O-])cc2[N+](=O)[O-])C(=O)NC2N=C(c3ccccc3)c3ccccc3N(CC(=O)O)C2=O)cc1
80,34,197,15,35,CC[C@H](C)[C@H](NC(=O)[C@H](CCCCNc1ccc([N+](=O)[O-])cc1[N+](=O)[O-])NC(=O)c1ccc(S(N)(=O)=O)cc1)C(=O)N1[C@H](C(=O)O)[C@@H](C)OC1(C)C
103,34,197,9,28,CC(=N[C@@H](CNC(=O)[C@H](CCCCNc1ccc([N+](=O)[O-])cc1[N+](=O)[O-])NC(=O)c1ccc(S(N)(=O)=O)cc1)C(=O)O)C1=C(O)CC(C)(C)CC1=O
157,34,197,7,29,NS(=O)(=O)c1ccc(C(=O)N[C@@H](CCCCNc2ccc([N+](=O)[O-])cc2[N+](=O)[O-])C(=O)N[C@H](C(=O)O)C(c2ccccc2)c2ccccc2)cc1
65,34,197,7,28,N[C@@H](CCCCN=C(NC(=O)c1ccc(S(N)(=O)=O)cc1)NC(=O)[C@@H](N)CCCCNc1ccc([N+](=O)[O-])cc1[N+](=O)[O-])C(=O)O
22,34,197,9,32,C#Cc1ccc(C[C@H](NC(=O)[C@H](CCCCNc2ccc([N+](=O)[O-])cc2[N+](=O)[O-])NC(=O)c2ccc(S(N)(=O)=O)cc2)C(=O)O)cc1
7,34,24,16,44,COc1ccc(CNCC(=O)N[C@@H](CCCCNc2ccc([N+](=O)[O-])cc2[N+](=O)[O-])C(=O)N[C@@H](CC(=O)O)C(=O)OCc2ccccc2)c(O)c1
6,34,14,11,41,COC(=O)[C@H](CC(=O)O)NC(=O)[C@H](CCCCNc1ccc([N+](=O)[O-])cc1[N+](=O)[O-])NC(=O)[C@@H](N)CSCc1ccccc1
105,34,24,16,42,COc1ccc(CNCC(=O)N[C@@H](CCCCNc2ccc([N+](=O)[O-])cc2[N+](=O)[O-])C(=O)NC(c2ccc(OCC(=O)O)cc2)c2ccc(OC)cc2OC)c(O)c1
117,34,24,9,18,COc1ccc(CNCC(=O)N[C@@H](CCCCNc2ccc([N+](=O)[O-])cc2[N+](=O)[O-])C(=O)N[C@H](C(=O)O)C(C)(C)C)c(O)c1
126,34,197,21,49,CC(C)(C)OC(=O)C[C@@H](CC(=O)O)NC(=O)[C@H](CCCCNc1ccc([N+](=O)[O-])cc1[N+](=O)[O-])NC(=O)c1ccc(S(N)(=O)=O)cc1
7,34,14,14,35,N[C@@H](CSCc1ccccc1)C(=O)N[C@@H](CCCCNc1ccc([N+](=O)[O-])cc1[N+](=O)[O-])C(=O)N[C@@H](CC(=O)O)C(=O)OCc1ccccc1
19,34,24,14,37,COC(=O)CC[C@H](NC(=O)[C@H](CCCCNc1ccc([N+](=O)[O-])cc1[N+](=O)[O-])NC(=O)CNCc1ccc(OC)cc1O)C(=O)O
69,34,197,9,33,C[C@H](NC(=O)[C@H](CCCCNc1ccc([N+](=O)[O-])cc1[N+](=O)[O-])NC(=O)c1ccc(S(N)(=O)=O)cc1)C(=O)N1[C@H](C(=O)O)COC1(C)C
127,34,197,21,61,NS(=O)(=O)c1ccc(C(=O)N[C@@H](CCCCNc2ccc([N+](=O)[O-])cc2[N+](=O)[O-])C(=O)N[C@@H](Cc2ccc([N+](=O)[O-])cc2)C(=O)O)cc1
119,34,14,12,27,COc1ccc(C(NC(=O)[C@H](CCCCNc2ccc([N+](=O)[O-])cc2[N+](=O)[O-])NC(=O)[C@@H](N)CSCc2ccccc2)c2ccc(OCC(=O)O)cc2)c(OC)c1
71,34,24,3,34,COc1ccc(CNCC(=O)N[C@@H](CCCCNc2ccc([N+](=O)[O-])cc2[N+](=O)[O-])C(=O)N[C@@H](Cc2cc(I)c(O)c(I)c2)C(=O)O)c(O)c1
173,34,197,15,52,NS(=O)(=O)c1ccc(C(=O)N[C@@H](CCCCNc2ccc([N+](=O)[O-])cc2[N+](=O)[O-])C(=O)N[C@@H](Cc2ccccc2Cl)C(=O)O)cc1
95,34,14,7,11,N#Cc1ccc(C[C@H](NC(=O)[C@H](CCCCNc2ccc([N+](=O)[O-])cc2[N+](=O)[O-])NC(=O)[C@@H](N)CSCc2ccccc2)C(=O)O)cc1
95,34,24,5,24,COc1ccc(CNCC(=O)N[C@@H](CCCCNc2ccc([N+](=O)[O-])cc2[N+](=O)[O-])C(=O)N[C@@H](Cc2ccc(C#N)cc2)C(=O)O)c(O)c1
79,34,24,16,31,COc1ccc(CNCC(=O)N[C@@H](CCCCNc2ccc([N+](=O)[O-])cc2[N+](=O)[O-])C(=O)N[C@@H](CC(C)C)C(=O)N2[C@H](C(=O)O)COC2(C)C)c(O)c1
186,34,14,7,17,N[C@@H](CSCc1ccccc1)C(=O)N[C@@H](CCCCNc1ccc([N+](=O)[O-])cc1[N+](=O)[O-])C(=O)N[C@H](Cc1c[nH]c2ccccc12)C(=O)O
43,34,24,5,26,COc1ccc(CNCC(=O)N[C@@H](CCCCNc2ccc([N+](=O)[O-])cc2[N+](=O)[O-])C(=O)N[C@@H](COCc2ccccc2)C(=O)O)c(O)c1
108,34,24,13,23,C#CC[C@@H](NC(=O)[C@H](CCCCNc1ccc([N+](=O)[O-])cc1[N+](=O)[O-])NC(=O)CNCc1ccc(OC)cc1O)C(=O)O
54,34,197,8,33,NS(=O)(=O)c1ccc(C(=O)N[C@@H](CCCCNc2ccc([N+](=O)[O-])cc2[N+](=O)[O-])C(=O)N[C@@H](Cc2c[nH]c3ccccc23)C(=O)O)cc1
190,34,14,11,33,N[C@@H](CSCc1ccccc1)C(=O)N[C@@H](CCCCNc1ccc([N+](=O)[O-])cc1[N+](=O)[O-])C(=O)N[C@@H](CC(=O)OCc1ccccc1)C(=O)O
131,34,24,6,30,COc1ccc(CNCC(=O)N[C@@H](CCCCNc2ccc([N+](=O)[O-])cc2[N+](=O)[O-])C(=O)N[C@@H](Cc2ccc(O)cc2)C(=O)O)c(O)c1
116,34,24,5,29,COc1ccc(CNCC(=O)N[C@@H](CCCCNc2ccc([N+](=O)[O-])cc2[N+](=O)[O-])C(=O)N[C@@H](CC(N)=O)C(=O)O)c(O)c1
43,34,14,12,18,N[C@@H](CSCc1ccccc1)C(=O)N[C@@H](CCCCNc1ccc([N+](=O)[O-])cc1[N+](=O)[O-])C(=O)N[C@@H](COCc1ccccc1)C(=O)O
70,34,24,6,23,CC[C@@H](NC(=O)[C@H](CCCCNc1ccc([N+](=O)[O-])cc1[N+](=O)[O-])NC(=O)CNCc1ccc(OC)cc1O)C(=O)O
117,34,14,4,21,CC(C)(C)[C@H](NC(=O)[C@H](CCCCNc1ccc([N+](=O)[O-])cc1[N+](=O)[O-])NC(=O)[C@@H](N)CSCc1ccccc1)C(=O)O
158,34,24,13,45,COc1ccc(CNCC(=O)N[C@@H](CCCCNc2ccc([N+](=O)[O-])cc2[N+](=O)[O-])C(=O)N[C@H](CC(=O)OC(C)(C)C)C(=O)O)c(O)c1
71,34,14,6,20,N[C@@H](CSCc1ccccc1)C(=O)N[C@@H](CCCCNc1ccc([N+](=O)[O-])cc1[N+](=O)[O-])C(=O)N[C@@H](Cc1cc(I)c(O)c(I)c1)C(=O)O
116,167,24,11,16,COc1ccc(CNCC(=O)N[C@@H](Cc2ccccc2Cl)C(=O)N[C@@H](CC(N)=O)C(=O)O)c(O)c1
9,34,14,10,27,N[C@@H](CSCc1ccccc1)C(=O)N[C@@H](CCCCNc1ccc([N+](=O)[O-])cc1[N+](=O)[O-])C(=O)N[C@@H](CC(=O)OC1CCCCC1)C(=O)O
19,34,14,8,24,COC(=O)CC[C@H](NC(=O)[C@H](CCCCNc1ccc([N+](=O)[O-])cc1[N+](=O)[O-])NC(=O)[C@@H](N)CSCc1ccccc1)C(=O)O
8,34,14,2,36,COC(=O)C[C@H](NC(=O)[C@H](CCCCNc1ccc([N+](=O)[O-])cc1[N+](=O)[O-])NC(=O)[C@@H](N)CSCc1ccccc1)C(=O)O
197,34,14,5,24,CC(C)(C)SC[C@H](NC(=O)[C@H](CCCCNc1ccc([N+](=O)[O-])cc1[N+](=O)[O-])NC(=O)[C@@H](N)CSCc1ccccc1)C(=O)O
167,34,24,9,16,COc1ccc(CNCC(=O)N[C@@H](CCCCNc2ccc([N+](=O)[O-])cc2[N+](=O)[O-])C(=O)N[C@@H](C/C=C/c2ccccc2)C(=O)O)c(O)c1
49,34,24,12,31,COc1ccc(CNCC(=O)N[C@@H](CCCCNc2ccc([N+](=O)[O-])cc2[N+](=O)[O-])C(=O)N[C@H](C(=O)O)[C@@H](C)OCc2ccccc2)c(O)c1
34,34,14,11,33,N[C@@H](CSCc1ccccc1)C(=O)N[C@@H](CCCCNc1ccc([N+](=O)[O-])cc1[N+](=O)[O-])C(=O)NC(C(=O)O)C1CC1
60,34,24,7,25,COc1ccc(CNCC(=O)N[C@@H](CCCCNc2ccc([N+](=O)[O-])cc2[N+](=O)[O-])C(=O)N[C@@H](Cc2ccc(I)cc2)C(=O)O)c(O)c1
184,34,14,11,17,C[C@H](NC(=O)[C@H](CCCCNc1ccc([N+](=O)[O-])cc1[N+](=O)[O-])NC(=O)[C@@H](N)CSCc1ccccc1)C(=O)O
116,23,197,33,61,CC(C)(C)OC(=O)[C@@H](CCC(=O)N[C@@H](CC(N)=O)C(=O)O)NC(=O)c1ccc(S(N)(=O)=O)cc1
132,34,24,11,14,COc1ccc(CNCC(=O)N[C@@H](CCCCNc2ccc([N+](=O)[O-])cc2[N+](=O)[O-])C(=O)N[C@@H](Cc2csc3ccccc23)C(=O)O)c(O)c1
113,34,24,10,34,COc1ccc(CNCC(=O)N[C@@H](CCCCNc2ccc([N+](=O)[O-])cc2[N+](=O)[O-])C(=O)N[C@@H](COC(C)(C)C)C(=O)O)c(O)c1
5,34,14,9,30,N[C@@H](CCCCNc1ccc([N+](=O)[O-])cc1[N+](=O)[O-])C(=O)NC(=NCCC[C@H](NC(=O)[C@@H](N)CSCc1ccccc1)C(=O)O)N[N+](=O)[O-]
35,23,197,16,41,CC(C)(C)OC(=O)[C@@H](CCC(=O)N[C@@H](CCCCNc1ccc([N+](=O)[O-])cc1[N+](=O)[O-])C(=O)O)NC(=O)c1ccc(S(N)(=O)=O)cc1
113,34,14,0,18,CC(C)(C)OC[C@H](NC(=O)[C@H](CCCCNc1ccc([N+](=O)[O-])cc1[N+](=O)[O-])NC(=O)[C@@H](N)CSCc1ccccc1)C(=O)O
108,34,14,12,20,C#CC[C@@H](NC(=O)[C@H](CCCCNc1ccc([N+](=O)[O-])cc1[N+](=O)[O-])NC(=O)[C@@H](N)CSCc1ccccc1)C(=O)O
101,34,24,19,41,COc1ccc(CNCC(=O)N[C@@H](CCCCNc2ccc([N+](=O)[O-])cc2[N+](=O)[O-])C(=O)N[C@@H]2C[C@@H]3C(=O)N(CC(=O)O)c4ccccc4C(=O)N3C2)c(O)c1
116,34,68,6,12,NC(=O)C[C@H](NC(=O)[C@H](CCCCNc1ccc([N+](=O)[O-])cc1[N+](=O)[O-])NC(=O)[C@@H](N)Cc1cc(I)c(O)c(I)c1)C(=O)O
180,34,14,1,17,N[C@@H](CSCc1ccccc1)C(=O)N[C@@H](CCCCNc1ccc([N+](=O)[O-])cc1[N+](=O)[O-])C(=O)N1C[C@@H](F)C[C@H]1C(=O)O
116,167,14,8,18,NC(=O)C[C@H](NC(=O)[C@H](Cc1ccccc1Cl)NC(=O)[C@@H](N)CSCc1ccccc1)C(=O)O
158,34,14,2,29,CC(C)(C)OC(=O)C[C@@H](NC(=O)[C@H](CCCCNc1ccc([N+](=O)[O-])cc1[N+](=O)[O-])NC(=O)[C@@H](N)CSCc1ccccc1)C(=O)O
101,34,14,12,36,N[C@@H](CSCc1ccccc1)C(=O)N[C@@H](CCCCNc1ccc([N+](=O)[O-])cc1[N+](=O)[O-])C(=O)N[C@@H]1C[C@@H]2C(=O)N(CC(=O)O)c3ccccc3C(=O)N2C1
9,34,24,11,32,COc1ccc(CNCC(=O)N[C@@H](CCCCNc2ccc([N+](=O)[O-])cc2[N+](=O)[O-])C(=O)N[C@@H](CC(=O)OC2CCCCC2)C(=O)O)c(O)c1
21,34,14,8,24,N[C@@H](CSCc1ccccc1)C(=O)N[C@@H](CCCCNc1ccc([N+](=O)[O-])cc1[N+](=O)[O-])C(=O)N[C@@H](CCC(=O)OC1CCCCC1)C(=O)O
133,34,14,3,10,N[C@@H](CSCc1ccccc1)C(=O)N[C@@H](CCCCNc1ccc([N+](=O)[O-])cc1[N+](=O)[O-])C(=O)NCC1CCC(C(=O)O)CC1
167,34,14,8,22,N[C@@H](CSCc1ccccc1)C(=O)N[C@@H](CCCCNc1ccc([N+](=O)[O-])cc1[N+](=O)[O-])C(=O)N[C@@H](C/C=C/c1ccccc1)C(=O)O
95,34,119,2,18,N#Cc1ccc(C[C@H](NC(=O)[C@H](CCCCNc2ccc([N+](=O)[O-])cc2[N+](=O)[O-])NC(=O)[C@@H](N)CO)C(=O)O)cc1
119,34,24,16,39,COc1ccc(CNCC(=O)N[C@@H](CCCCNc2ccc([N+](=O)[O-])cc2[N+](=O)[O-])C(=O)NC(c2ccc(OCC(=O)O)cc2)c2ccc(OC)cc2OC)c(O)c1
116,104,24,12,22,COc1ccc(CNCC(=O)N[C@@H](CCC(=O)N[C@@H](CC(N)=O)C(=O)O)C(=O)OC(C)(C)C)c(O)c1
81,34,24,3,11,COc1ccc(CNCC(=O)N[C@@H](CCCCNc2ccc([N+](=O)[O-])cc2[N+](=O)[O-])C(=O)N2Cc3ccccc3C[C@@H]2C(=O)O)c(O)c1
107,34,24,5,20,COc1ccc(CNCC(=O)N[C@@H](CCCCNc2ccc([N+](=O)[O-])cc2[N+](=O)[O-])C(=O)N2Cc3ccccc3C[C@H]2C(=O)O)c(O)c1
110,34,24,7,18,COc1ccc(CNCC(=O)N[C@@H](CCCCNc2ccc([N+](=O)[O-])cc2[N+](=O)[O-])C(=O)N[C@H](COC(C)(C)C)C(=O)O)c(O)c1
28,34,14,9,23,N[C@@H](CSCc1ccccc1)C(=O)N[C@@H](CCCCNc1ccc([N+](=O)[O-])cc1[N+](=O)[O-])C(=O)N[C@@H](C(=O)O)C1CCCCC1
28,34,24,5,17,COc1ccc(CNCC(=O)N[C@@H](CCCCNc2ccc([N+](=O)[O-])cc2[N+](=O)[O-])C(=O)N[C@@H](C(=O)O)C2CCCCC2)c(O)c1
49,34,14,7,17,C[C@@H](OCc1ccccc1)[C@H](NC(=O)[C@H](CCCCNc1ccc([N+](=O)[O-])cc1[N+](=O)[O-])NC(=O)[C@@H](N)CSCc1ccccc1)C(=O)O
116,34,21,11,14,NC(=O)C[C@H](NC(=O)[C@H](CCCCNc1ccc([N+](=O)[O-])cc1[N+](=O)[O-])NC(=O)[C@@H](N)CCC(=O)OC1CCCCC1)C(=O)O
90,34,14,7,13,N[C@@H](CSCc1ccccc1)C(=O)N[C@@H](CCCCNc1ccc([N+](=O)[O-])cc1[N+](=O)[O-])C(=O)NCCCCC(=O)O
92,34,24,6,20,COc1ccc(CNCC(=O)N[C@@H](CCCCNc2ccc([N+](=O)[O-])cc2[N+](=O)[O-])C(=O)N[C@H](Cc2c(C)[nH]c3ccccc23)C(=O)O)c(O)c1
116,116,24,2,10,COc1ccc(CNCC(=O)N[C@H](CC(=O)N[C@@H](CC(N)=O)C(=O)O)c2ccccc2C(F)(F)F)c(O)c1
120,34,14,1,21,N[C@@H](CSCc1ccccc1)C(=O)N[C@@H](CCCCNc1ccc([N+](=O)[O-])cc1[N+](=O)[O-])C(=O)NC1(C(=O)O)CCCC1
116,128,24,5,18,COc1ccc(C[C@H](NC(=O)CNCc2ccc(OC)cc2O)C(=O)N[C@@H](CC(N)=O)C(=O)O)cc1
62,34,14,2,11,N[C@@H](CSCc1ccccc1)C(=O)N[C@@H](CCCCNc1ccc([N+](=O)[O-])cc1[N+](=O)[O-])C(=O)N[C@H](C(=O)O)c1ccccc1
142,34,197,4,28,NS(=O)(=O)c1ccc(C(=O)N[C@@H](CCCCNc2ccc([N+](=O)[O-])cc2[N+](=O)[O-])C(=O)N[C@@H](Cc2ccc(F)cc2)C(=O)O)cc1
186,34,24,6,29,COc1ccc(CNCC(=O)N[C@@H](CCCCNc2ccc([N+](=O)[O-])cc2[N+](=O)[O-])C(=O)N[C@H](Cc2c[nH]c3ccccc23)C(=O)O)c(O)c1
185,34,14,1,17,N[C@@H](CSCc1ccccc1)C(=O)N[C@@H](CCCCNc1ccc([N+](=O)[O-])cc1[N+](=O)[O-])C(=O)N[C@@H](Cc1ccco1)C(=O)O
116,34,11,12,26,C=CCOC(=O)C[C@@H](N)C(=O)N[C@@H](CCCCNc1ccc([N+](=O)[O-])cc1[N+](=O)[O-])C(=O)N[C@@H](CC(N)=O)C(=O)O
116,34,37,4,20,NC(=O)C[C@H](NC(=O)[C@H](CCCCNc1ccc([N+](=O)[O-])cc1[N+](=O)[O-])NC(=O)C1CCNC1)C(=O)O
117,126,14,9,9,CC(C)(C)[C@H](NC(=O)[C@H](Cc1csc2ccccc12)NC(=O)[C@@H](N)CSCc1ccccc1)C(=O)O
105,34,14,16,37,COc1ccc(C(NC(=O)[C@H](CCCCNc2ccc([N+](=O)[O-])cc2[N+](=O)[O-])NC(=O)[C@@H](N)CSCc2ccccc2)c2ccc(OCC(=O)O)cc2)c(OC)c1
27,34,24,8,23,COc1ccc(CNCC(=O)N[C@@H](CCCCNc2ccc([N+](=O)[O-])cc2[N+](=O)[O-])C(=O)N[C@@H](Cc2ccsc2)C(=O)O)c(O)c1
194,34,14,7,25,CSCC[C@H](NC(=O)[C@H](CCCCNc1ccc([N+](=O)[O-])cc1[N+](=O)[O-])NC(=O)[C@@H](N)CSCc1ccccc1)C(=O)O
132,34,14,1,22,N[C@@H](CSCc1ccccc1)C(=O)N[C@@H](CCCCNc1ccc([N+](=O)[O-])cc1[N+](=O)[O-])C(=O)N[C@@H](Cc1csc2ccccc12)C(=O)O
56,34,24,12,26,COc1ccc(CNCC(=O)N[C@@H](CCCCNc2ccc([N+](=O)[O-])cc2[N+](=O)[O-])C(=O)N[C@H](Cc2ccc(O)cc2)C(=O)O)c(O)c1
60,34,14,8,7,N[C@@H](CSCc1ccccc1)C(=O)N[C@@H](CCCCNc1ccc([N+](=O)[O-])cc1[N+](=O)[O-])C(=O)N[C@@H](Cc1ccc(I)cc1)C(=O)O
97,34,24,5,11,COc1ccc(CNCC(=O)N[C@@H](CCCCNc2ccc([N+](=O)[O-])cc2[N+](=O)[O-])C(=O)N[C@@H](CCN=C(C)C2=C(O)CC(C)(C)CC2=O)C(=O)O)c(O)c1
23,34,14,5,27,CC(C)(C)OC(=O)[C@@H](CCC(=O)O)NC(=O)[C@H](CCCCNc1ccc([N+](=O)[O-])cc1[N+](=O)[O-])NC(=O)[C@@H](N)CSCc1ccccc1
81,34,14,16,14,N[C@@H](CSCc1ccccc1)C(=O)N[C@@H](CCCCNc1ccc([N+](=O)[O-])cc1[N+](=O)[O-])C(=O)N1Cc2ccccc2C[C@@H]1C(=O)O
41,34,14,4,36,CSCC[C@@H](NC(=O)[C@H](CCCCNc1ccc([N+](=O)[O-])cc1[N+](=O)[O-])NC(=O)[C@@H](N)CSCc1ccccc1)C(=O)O
189,34,24,8,27,C=CCOC(=O)[C@H](CC(=O)O)NC(=O)[C@H](CCCCNc1ccc([N+](=O)[O-])cc1[N+](=O)[O-])NC(=O)CNCc1ccc(OC)cc1O
111,34,14,1,16,N[C@@H](CSCc1ccccc1)C(=O)N[C@@H](CCCCNc1ccc([N+](=O)[O-])cc1[N+](=O)[O-])C(=O)N1C[C@H](O)C[C@H]1C(=O)O
40,34,14,4,27,CS(=O)(=O)CC[C@H](NC(=O)[C@H](CCCCNc1ccc([N+](=O)[O-])cc1[N+](=O)[O-])NC(=O)[C@@H](N)CSCc1ccccc1)C(=O)O
116,104,14,14,20,CC(C)(C)OC(=O)[C@H](CCC(=O)N[C@@H](CC(N)=O)C(=O)O)NC(=O)[C@@H](N)CSCc1ccccc1
131,34,14,4,25,N[C@@H](CSCc1ccccc1)C(=O)N[C@@H](CCCCNc1ccc([N+](=O)[O-])cc1[N+](=O)[O-])C(=O)N[C@@H](Cc1ccc(O)cc1)C(=O)O
94,34,24,0,16,COc1ccc(CNCC(=O)N[C@@H](CCCCNc2ccc([N+](=O)[O-])cc2[N+](=O)[O-])C(=O)N[C@H](CC(=O)O)Cc2ccccc2F)c(O)c1
135,34,24,5,4,COc1ccc(CNCC(=O)N[C@@H](CCCCNc2ccc([N+](=O)[O-])cc2[N+](=O)[O-])C(=O)N[C@H](Cc2ccc3ccccc3c2)C(=O)O)c(O)c1
116,34,15,6,13,C#CCC[C@H](N)C(=O)N[C@@H](CCCCNc1ccc([N+](=O)[O-])cc1[N+](=O)[O-])C(=O)N[C@@H](CC(N)=O)C(=O)O
133,34,24,7,28,COc1ccc(CNCC(=O)N[C@@H](CCCCNc2ccc([N+](=O)[O-])cc2[N+](=O)[O-])C(=O)NCC2CCC(C(=O)O)CC2)c(O)c1
67,34,24,11,23,COc1ccc(CNCC(=O)N[C@@H](CCCCNc2ccc([N+](=O)[O-])cc2[N+](=O)[O-])C(=O)N[C@@H](Cc2ccc(Br)cc2)C(=O)O)c(O)c1
110,34,14,9,19,CC(C)(C)OC[C@@H](NC(=O)[C@H](CCCCNc1ccc([N+](=O)[O-])cc1[N+](=O)[O-])NC(=O)[C@@H](N)CSCc1ccccc1)C(=O)O
96,34,14,6,17,N[C@@H](CSCc1ccccc1)C(=O)N[C@@H](CCCCNc1ccc([N+](=O)[O-])cc1[N+](=O)[O-])C(=O)N[C@@H](Cc1ccc(Br)s1)C(=O)O
74,34,24,7,35,COc1ccc(CNCC(=O)N[C@@H](CCCCNc2ccc([N+](=O)[O-])cc2[N+](=O)[O-])C(=O)N[C@@H](Cc2ccc(F)c(F)c2)C(=O)O)c(O)c1
116,120,24,10,18,COc1ccc(CNCC(=O)N[C@H](CC(=O)N[C@@H](CC(N)=O)C(=O)O)CC(=O)OC(C)(C)C)c(O)c1
188,34,24,5,22,COc1ccc(CNCC(=O)N[C@@H](CCCCNc2ccc([N+](=O)[O-])cc2[N+](=O)[O-])C(=O)N[C@@H](C(=O)O)C(C)(C)C)c(O)c1
116,118,14,3,17,NC(=O)C[C@H](NC(=O)[C@H](CO)NC(=O)[C@@H](N)CSCc1ccccc1)C(=O)O
25,34,14,2,21,N[C@@H](CSCc1ccccc1)C(=O)N[C@@H](CCCCNc1ccc([N+](=O)[O-])cc1[N+](=O)[O-])C(=O)N1CCC[C@H]1CC(=O)O
79,34,14,13,27,CC(C)C[C@H](NC(=O)[C@H](CCCCNc1ccc([N+](=O)[O-])cc1[N+](=O)[O-])NC(=O)[C@@H](N)CSCc1ccccc1)C(=O)N1[C@H](C(=O)O)COC1(C)C
122,34,24,6,13,COc1ccc(CNCC(=O)N[C@@H](CCCCNc2ccc([N+](=O)[O-])cc2[N+](=O)[O-])C(=O)N[C@H](Cc2ccncc2)C(=O)O)c(O)c1
116,23,14,10,17,CC(C)(C)OC(=O)[C@@H](CCC(=O)N[C@@H](CC(N)=O)C(=O)O)NC(=O)[C@@H](N)CSCc1ccccc1
116,34,14,5,15,NC(=O)C[C@H](NC(=O)[C@H](CCCCNc1ccc([N+](=O)[O-])cc1[N+](=O)[O-])NC(=O)[C@@H](N)CSCc1ccccc1)C(=O)O
188,34,14,1,10,CC(C)(C)[C@@H](NC(=O)[C@H](CCCCNc1ccc([N+](=O)[O-])cc1[N+](=O)[O-])NC(=O)[C@@H](N)CSCc1ccccc1)C(=O)O
175,34,24,6,25,COc1ccc(CNCC(=O)N[C@@H](CCCCNc2ccc([N+](=O)[O-])cc2[N+](=O)[O-])C(=O)N[C@@H](CC(=O)OC(C)(C)C)C(=O)O)c(O)c1
35,34,14,3,29,N[C@@H](CSCc1ccccc1)C(=O)N[C@@H](CCCCNc1ccc([N+](=O)[O-])cc1[N+](=O)[O-])C(=O)N[C@@H](CCCCNc1ccc([N+](=O)[O-])cc1[N+](=O)[O-])C(=O)O
35,104,14,6,30,CC(C)(C)OC(=O)[C@H](CCC(=O)N[C@@H](CCCCNc1ccc([N+](=O)[O-])cc1[N+](=O)[O-])C(=O)O)NC(=O)[C@@H](N)CSCc1ccccc1
116,129,35,7,11,NC(=O)C[C@H](NC(=O)[C@@H](Cc1ccc2ccccc2c1)NC(=O)[C@@H](N)CCCCNc1ccc([N+](=O)[O-])cc1[N+](=O)[O-])C(=O)O
59,34,14,3,10,CC(C)[C@H](NC(=O)CNC(=O)[C@H](CCCCNc1ccc([N+](=O)[O-])cc1[N+](=O)[O-])NC(=O)[C@@H](N)CSCc1ccccc1)C(=O)O
94,34,14,12,5,N[C@@H](CSCc1ccccc1)C(=O)N[C@@H](CCCCNc1ccc([N+](=O)[O-])cc1[N+](=O)[O-])C(=O)N[C@H](CC(=O)O)Cc1ccccc1F
96,34,24,8,18,COc1ccc(CNCC(=O)N[C@@H](CCCCNc2ccc([N+](=O)[O-])cc2[N+](=O)[O-])C(=O)N[C@@H](Cc2ccc(Br)s2)C(=O)O)c(O)c1
31,34,14,4,22,N[C@@H](CSCc1ccccc1)C(=O)N[C@@H](CCCCNc1ccc([N+](=O)[O-])cc1[N+](=O)[O-])C(=O)Nc1cccc(C(=O)O)c1
124,34,24,6,29,COc1ccc(CNCC(=O)N[C@@H](CCCCNc2ccc([N+](=O)[O-])cc2[N+](=O)[O-])C(=O)N[C@@H](CO)C(=O)O)c(O)c1
35,118,14,3,23,N[C@@H](CSCc1ccccc1)C(=O)N[C@@H](CO)C(=O)N[C@@H](CCCCNc1ccc([N+](=O)[O-])cc1[N+](=O)[O-])C(=O)O
30,34,14,5,9,N[C@@H](CSCc1ccccc1)C(=O)N[C@@H](CCCCNc1ccc([N+](=O)[O-])cc1[N+](=O)[O-])C(=O)Nc1ccc(C(=O)O)cc1
117,117,14,6,21,CC(C)(C)[C@H](NC(=O)[C@@H](Cc1ccc(-c2ccccc2)cc1)NC(=O)[C@@H](N)CSCc1ccccc1)C(=O)O
8,130,14,6,10,COC(=O)C[C@@H](C(=O)O)N(C(=O)[C@@H]1CCCCN1)C(=O)[C@@H](N)CSCc1ccccc1
122,34,14,2,6,N[C@@H](CSCc1ccccc1)C(=O)N[C@@H](CCCCNc1ccc([N+](=O)[O-])cc1[N+](=O)[O-])C(=O)N[C@H](Cc1ccncc1)C(=O)O
106,34,24,10,18,COc1ccc(CNCC(=O)N[C@@H](CCCCNc2ccc([N+](=O)[O-])cc2[N+](=O)[O-])C(=O)NC2(C(=O)O)CC2)c(O)c1
134,34,24,5,17,COc1ccc(C[C@H](NC(=O)[C@H](CCCCNc2ccc([N+](=O)[O-])cc2[N+](=O)[O-])NC(=O)CNCc2ccc(OC)cc2O)C(=O)O)cc1
104,34,24,11,7,COc1ccc(CNCC(=O)N[C@@H](CCCCNc2ccc([N+](=O)[O-])cc2[N+](=O)[O-])C(=O)NC2N=C(c3ccccc3)c3ccccc3N(CC(=O)O)C2=O)c(O)c1
106,116,14,2,21,N[C@@H](CSCc1ccccc1)C(=O)N[C@H](CC(=O)NC1(C(=O)O)CC1)c1ccccc1C(F)(F)F
132,34,119,12,19,N[C@@H](CO)C(=O)N[C@@H](CCCCNc1ccc([N+](=O)[O-])cc1[N+](=O)[O-])C(=O)N[C@@H](Cc1csc2ccccc12)C(=O)O
182,34,14,12,22,N[C@@H](CSCc1ccccc1)C(=O)N[C@@H](CCCCNc1ccc([N+](=O)[O-])cc1[N+](=O)[O-])C(=O)N1CC=C[C@H]1C(=O)O
35,138,14,4,10,N[C@@H](CSCc1ccccc1)C(=O)N[C@H](CCc1ccccc1)C(=O)N[C@@H](CCCCNc1ccc([N+](=O)[O-])cc1[N+](=O)[O-])C(=O)O
35,100,14,5,14,COc1ccc(C(NC(=O)[C@@H](N)CSCc2ccccc2)c2ccc(OCC(=O)N[C@@H](CCCCNc3ccc([N+](=O)[O-])cc3[N+](=O)[O-])C(=O)O)cc2)c(OC)c1
88,34,14,5,20,NC(=O)NCCC[C@H](NC(=O)[C@H](CCCCNc1ccc([N+](=O)[O-])cc1[N+](=O)[O-])NC(=O)[C@@H](N)CSCc1ccccc1)C(=O)O
95,34,2,6,12,N#Cc1ccc(C[C@H](NC(=O)[C@H](CCCCNc2ccc([N+](=O)[O-])cc2[N+](=O)[O-])NC(=O)[C@@H]2Cc3c([nH]c4ccccc34)CN2)C(=O)O)cc1
116,34,121,7,21,CC(C)(C)OC(=O)C[C@H](N)CC(=O)N[C@@H](CCCCNc1ccc([N+](=O)[O-])cc1[N+](=O)[O-])C(=O)N[C@@H](CC(N)=O)C(=O)O
59,34,24,9,19,COc1ccc(CNCC(=O)N[C@@H](CCCCNc2ccc([N+](=O)[O-])cc2[N+](=O)[O-])C(=O)NCC(=O)N[C@H](C(=O)O)C(C)C)c(O)c1
56,34,14,5,19,N[C@@H](CSCc1ccccc1)C(=O)N[C@@H](CCCCNc1ccc([N+](=O)[O-])cc1[N+](=O)[O-])C(=O)N[C@H](Cc1ccc(O)cc1)C(=O)O
82,34,14,4,8,N[C@@H](CSCc1ccccc1)C(=O)N[C@@H](CCCCNc1ccc([N+](=O)[O-])cc1[N+](=O)[O-])C(=O)N[C@H](Cc1ccc(I)cc1)C(=O)O
74,34,14,3,7,N[C@@H](CSCc1ccccc1)C(=O)N[C@@H](CCCCNc1ccc([N+](=O)[O-])cc1[N+](=O)[O-])C(=O)N[C@@H](Cc1ccc(F)c(F)c1)C(=O)O
134,34,14,7,21,COc1ccc(C[C@H](NC(=O)[C@H](CCCCNc2ccc([N+](=O)[O-])cc2[N+](=O)[O-])NC(=O)[C@@H](N)CSCc2ccccc2)C(=O)O)cc1
116,32,24,1,13,COc1ccc(CNCC(=O)N[C@H](CC(=O)N[C@@H](CC(N)=O)C(=O)O)c2ccc(C(F)(F)F)cc2)c(O)c1
93,34,14,1,12,N[C@@H](CSCc1ccccc1)C(=O)N[C@@H](CCCCNc1ccc([N+](=O)[O-])cc1[N+](=O)[O-])C(=O)N1CCC[C@@H]1CC(=O)O
125,34,24,4,19,COc1ccc(CNCC(=O)N[C@@H](CCCCNc2ccc([N+](=O)[O-])cc2[N+](=O)[O-])C(=O)N[C@H](C(=O)O)C(C)C)c(O)c1
27,34,14,4,16,N[C@@H](CSCc1ccccc1)C(=O)N[C@@H](CCCCNc1ccc([N+](=O)[O-])cc1[N+](=O)[O-])C(=O)N[C@@H](Cc1ccsc1)C(=O)O
179,34,24,1,19,CC[C@H](NC(=O)[C@H](CCCCNc1ccc([N+](=O)[O-])cc1[N+](=O)[O-])NC(=O)CNCc1ccc(OC)cc1O)C(=O)O
116,100,35,6,12,COc1ccc(C(NC(=O)[C@@H](N)CCCCNc2ccc([N+](=O)[O-])cc2[N+](=O)[O-])c2ccc(OCC(=O)N[C@@H](CC(N)=O)C(=O)O)cc2)c(OC)c1
116,116,14,11,10,NC(=O)C[C@H](NC(=O)C[C@@H](NC(=O)[C@@H](N)CSCc1ccccc1)c1ccccc1C(F)(F)F)C(=O)O
85,34,24,2,11,COc1ccc(CNCC(=O)N[C@@H](CCCCNc2ccc([N+](=O)[O-])cc2[N+](=O)[O-])C(=O)N[C@H](Cc2ccccc2I)C(=O)O)c(O)c1
2,34,14,6,16,N[C@@H](CSCc1ccccc1)C(=O)N[C@@H](CCCCNc1ccc([N+](=O)[O-])cc1[N+](=O)[O-])C(=O)N1Cc2[nH]c3ccccc3c2C[C@H]1C(=O)O
135,34,14,2,11,N[C@@H](CSCc1ccccc1)C(=O)N[C@@H](CCCCNc1ccc([N+](=O)[O-])cc1[N+](=O)[O-])C(=O)N[C@H](Cc1ccc2ccccc2c1)C(=O)O
55,34,24,5,23,COc1ccc(CNCC(=O)N[C@@H](CCCCNc2ccc([N+](=O)[O-])cc2[N+](=O)[O-])C(=O)N[C@@H](Cc2ccc(OP(=O)(O)O)cc2)C(=O)O)c(O)c1
86,34,197,6,33,NS(=O)(=O)c1ccc(C(=O)N[C@@H](CCCCNc2ccc([N+](=O)[O-])cc2[N+](=O)[O-])C(=O)N[C@@H](Cc2ccccc2I)C(=O)O)cc1
100,34,14,2,13,N[C@@H](CSCc1ccccc1)C(=O)N[C@@H](CCCCNc1ccc([N+](=O)[O-])cc1[N+](=O)[O-])C(=O)N[C@@H](CSc1ccccc1)CC(=O)O
35,129,14,5,7,N[C@@H](CSCc1ccccc1)C(=O)N[C@H](Cc1ccc2ccccc2c1)C(=O)N[C@@H](CCCCNc1ccc([N+](=O)[O-])cc1[N+](=O)[O-])C(=O)O
126,34,14,1,8,CC(C)(C)OC(=O)C[C@@H](CC(=O)O)NC(=O)[C@H](CCCCNc1ccc([N+](=O)[O-])cc1[N+](=O)[O-])NC(=O)[C@@H](N)CSCc1ccccc1
189,34,14,3,15,C=CCOC(=O)[C@H](CC(=O)O)NC(=O)[C@H](CCCCNc1ccc([N+](=O)[O-])cc1[N+](=O)[O-])NC(=O)[C@@H](N)CSCc1ccccc1
72,34,14,1,21,N[C@@H](CSCc1ccccc1)C(=O)N[C@@H](CCCCNc1ccc([N+](=O)[O-])cc1[N+](=O)[O-])C(=O)N[C@@H](Cc1cscn1)C(=O)O
116,126,14,3,12,NC(=O)C[C@H](NC(=O)[C@H](Cc1csc2ccccc12)NC(=O)[C@@H](N)CSCc1ccccc1)C(=O)O
59,34,70,6,7,CC(C)[C@H](NC(=O)CNC(=O)[C@H](CCCCNc1ccc([N+](=O)[O-])cc1[N+](=O)[O-])NC(=O)[C@@H]1COCCN1)C(=O)O
116,34,71,7,10,NC(=O)C[C@H](NC(=O)[C@H](CCCCNc1ccc([N+](=O)[O-])cc1[N+](=O)[O-])NC(=O)[C@@H](N)Cc1ccc(F)c(F)c1)C(=O)O
106,100,14,7,18,COc1ccc(C(NC(=O)[C@@H](N)CSCc2ccccc2)c2ccc(OCC(=O)NC3(C(=O)O)CC3)cc2)c(OC)c1
120,34,24,12,31,COc1ccc(CNCC(=O)N[C@@H](CCCCNc2ccc([N+](=O)[O-])cc2[N+](=O)[O-])C(=O)NC2(C(=O)O)CCCC2)c(O)c1
35,32,14,2,19,N[C@@H](CSCc1ccccc1)C(=O)N[C@H](CC(=O)N[C@@H](CCCCNc1ccc([N+](=O)[O-])cc1[N+](=O)[O-])C(=O)O)c1ccc(C(F)(F)F)cc1
116,96,24,0,19,COc1ccc(CNCC(=O)N[C@@H]2C[C@@H]3C(=O)N(CC(=O)N[C@@H](CC(N)=O)C(=O)O)c4ccccc4C(=O)N3C2)c(O)c1
116,148,24,6,12,COc1ccc(CNCC(=O)N[C@H](CO)C(=O)N[C@@H](CC(N)=O)C(=O)O)c(O)c1
132,34,2,5,19,O=C(O)[C@H](Cc1csc2ccccc12)NC(=O)[C@H](CCCCNc1ccc([N+](=O)[O-])cc1[N+](=O)[O-])NC(=O)[C@@H]1Cc2c([nH]c3ccccc23)CN1
126,34,24,3,12,COc1ccc(CNCC(=O)N[C@@H](CCCCNc2ccc([N+](=O)[O-])cc2[N+](=O)[O-])C(=O)N[C@H](CC(=O)O)CC(=O)OC(C)(C)C)c(O)c1
84,34,24,8,7,COc1ccc(CNCC(=O)N[C@@H](CCCCNc2ccc([N+](=O)[O-])cc2[N+](=O)[O-])C(=O)N[C@H](Cc2cccc(I)c2)C(=O)O)c(O)c1
99,34,14,6,12,N[C@@H](CSCc1ccccc1)C(=O)N[C@@H](CCCCNc1ccc([N+](=O)[O-])cc1[N+](=O)[O-])C(=O)NC1(C(=O)O)CCCCC1
92,34,15,8,8,C#CCC[C@H](N)C(=O)N[C@@H](CCCCNc1ccc([N+](=O)[O-])cc1[N+](=O)[O-])C(=O)N[C@H](Cc1c(C)[nH]c2ccccc12)C(=O)O
116,118,24,5,8,COc1ccc(CNCC(=O)N[C@@H](CO)C(=O)N[C@@H](CC(N)=O)C(=O)O)c(O)c1
116,158,14,4,17,CC(C)(C)OC(=O)N1CCCC(C(CC(=O)N[C@@H](CC(N)=O)C(=O)O)NC(=O)[C@@H](N)CSCc2ccccc2)C1
97,34,14,5,6,CC(=NCC[C@H](NC(=O)[C@H](CCCCNc1ccc([N+](=O)[O-])cc1[N+](=O)[O-])NC(=O)[C@@H](N)CSCc1ccccc1)C(=O)O)C1=C(O)CC(C)(C)CC1=O
69,34,14,1,8,C[C@H](NC(=O)[C@H](CCCCNc1ccc([N+](=O)[O-])cc1[N+](=O)[O-])NC(=O)[C@@H](N)CSCc1ccccc1)C(=O)N1[C@H](C(=O)O)COC1(C)C
82,34,24,3,6,COc1ccc(CNCC(=O)N[C@@H](CCCCNc2ccc([N+](=O)[O-])cc2[N+](=O)[O-])C(=O)N[C@H](Cc2ccc(I)cc2)C(=O)O)c(O)c1
116,148,14,4,10,NC(=O)C[C@H](NC(=O)[C@@H](CO)NC(=O)[C@@H](N)CSCc1ccccc1)C(=O)O
36,34,14,1,8,N[C@@H](CSCc1ccccc1)C(=O)N[C@@H](CCCCNc1ccc([N+](=O)[O-])cc1[N+](=O)[O-])C(=O)N1C[C@H](F)C[C@H]1C(=O)O
95,34,149,6,17,N#Cc1ccc(C[C@H](NC(=O)[C@H](CCCCNc2ccc([N+](=O)[O-])cc2[N+](=O)[O-])NC(=O)[C@H](N)CO)C(=O)O)cc1
116,153,14,2,10,NC(=O)C[C@H](NC(=O)C[C@H](NC(=O)[C@@H](N)CSCc1ccccc1)c1ccccc1)C(=O)O
116,167,15,2,16,C#CCC[C@H](N)C(=O)N[C@@H](Cc1ccccc1Cl)C(=O)N[C@@H](CC(N)=O)C(=O)O
69,34,24,3,7,COc1ccc(CNCC(=O)N[C@@H](CCCCNc2ccc([N+](=O)[O-])cc2[N+](=O)[O-])C(=O)N[C@@H](C)C(=O)N2[C@H](C(=O)O)COC2(C)C)c(O)c1
116,112,24,4,11,COc1ccc(CNCC(=O)NC(c2ccc(OCC(=O)N[C@@H](CC(N)=O)C(=O)O)cc2)c2ccc(OC)cc2OC)c(O)c1
35,116,14,8,18,N[C@@H](CSCc1ccccc1)C(=O)N[C@H](CC(=O)N[C@@H](CCCCNc1ccc([N+](=O)[O-])cc1[N+](=O)[O-])C(=O)O)c1ccccc1C(F)(F)F
116,153,24,6,14,COc1ccc(CNCC(=O)N[C@@H](CC(=O)N[C@@H](CC(N)=O)C(=O)O)c2ccccc2)c(O)c1
116,152,14,2,21,CC(C)(C)OC(=O)C[C@@H](NC(=O)[C@@H](N)CSCc1ccccc1)C(=O)N[C@@H](CC(N)=O)C(=O)O
35,101,14,1,14,N[C@@H](CSCc1ccccc1)C(=O)NC1(C(=O)N[C@@H](CCCCNc2ccc([N+](=O)[O-])cc2[N+](=O)[O-])C(=O)O)CC1
150,34,14,3,14,N[C@@H](CSCc1ccccc1)C(=O)N[C@@H](CCCCNc1ccc([N+](=O)[O-])cc1[N+](=O)[O-])C(=O)NCCCC(=O)O
67,34,14,5,8,N[C@@H](CSCc1ccccc1)C(=O)N[C@@H](CCCCNc1ccc([N+](=O)[O-])cc1[N+](=O)[O-])C(=O)N[C@@H](Cc1ccc(Br)cc1)C(=O)O
116,117,14,8,12,NC(=O)C[C@H](NC(=O)[C@@H](Cc1ccc(-c2ccccc2)cc1)NC(=O)[C@@H](N)CSCc1ccccc1)C(=O)O
35,22,14,4,15,C#Cc1ccc(C[C@H](NC(=O)[C@@H](N)CSCc2ccccc2)C(=O)N[C@@H](CCCCNc2ccc([N+](=O)[O-])cc2[N+](=O)[O-])C(=O)O)cc1
59,34,15,2,10,C#CCC[C@H](N)C(=O)N[C@@H](CCCCNc1ccc([N+](=O)[O-])cc1[N+](=O)[O-])C(=O)NCC(=O)N[C@H](C(=O)O)C(C)C
117,118,14,6,15,CC(C)(C)[C@H](NC(=O)[C@H](CO)NC(=O)[C@@H](N)CSCc1ccccc1)C(=O)O
52,34,14,10,14,C[C@@H](OC(C)(C)C)[C@@H](NC(=O)[C@H](CCCCNc1ccc([N+](=O)[O-])cc1[N+](=O)[O-])NC(=O)[C@@H](N)CSCc1ccccc1)C(=O)O
92,34,14,5,18,Cc1[nH]c2ccccc2c1C[C@@H](NC(=O)[C@H](CCCCNc1ccc([N+](=O)[O-])cc1[N+](=O)[O-])NC(=O)[C@@H](N)CSCc1ccccc1)C(=O)O
116,34,119,9,19,NC(=O)C[C@H](NC(=O)[C@H](CCCCNc1ccc([N+](=O)[O-])cc1[N+](=O)[O-])NC(=O)[C@@H](N)CO)C(=O)O
87,34,14,4,23,N[C@@H](CSCc1ccccc1)C(=O)N[C@@H](CCCCNc1ccc([N+](=O)[O-])cc1[N+](=O)[O-])C(=O)N[C@H](CC(=O)O)Cc1ccc(I)cc1
116,23,24,8,22,COc1ccc(CNCC(=O)N[C@H](CCC(=O)N[C@@H](CC(N)=O)C(=O)O)C(=O)OC(C)(C)C)c(O)c1
116,34,70,2,15,NC(=O)C[C@H](NC(=O)[C@H](CCCCNc1ccc([N+](=O)[O-])cc1[N+](=O)[O-])NC(=O)[C@@H]1COCCN1)C(=O)O
116,100,24,8,10,COc1ccc(CNCC(=O)NC(c2ccc(OCC(=O)N[C@@H](CC(N)=O)C(=O)O)cc2)c2ccc(OC)cc2OC)c(O)c1
116,34,27,6,12,NC(=O)C[C@H](NC(=O)[C@H](CCCCNc1ccc([N+](=O)[O-])cc1[N+](=O)[O-])NC(=O)[C@@H](N)Cc1ccsc1)C(=O)O
1,34,14,8,13,NC(=O)CC[C@@H](NC(=O)[C@H](CCCCNc1ccc([N+](=O)[O-])cc1[N+](=O)[O-])NC(=O)[C@@H](N)CSCc1ccccc1)C(=O)O
116,169,14,3,12,CC(C)(C)OC(=O)C[C@H](NC(=O)[C@@H](N)CSCc1ccccc1)C(=O)N[C@@H](CC(N)=O)C(=O)O
8,110,14,2,25,COC(=O)C[C@@H](C(=O)O)N(C(=O)[C@@H](N)CSCc1ccccc1)C(=O)[C@H]1CCCCN1
35,122,14,2,14,N[C@@H](CSCc1ccccc1)C(=O)N[C@@H](CCc1ccccc1)C(=O)N[C@@H](CCCCNc1ccc([N+](=O)[O-])cc1[N+](=O)[O-])C(=O)O
200,34,14,2,18,N[C@@H](CSCc1ccccc1)C(=O)N[C@@H](CCCCNc1ccc([N+](=O)[O-])cc1[N+](=O)[O-])C(=O)N[C@H](Cc1ccco1)C(=O)O
195,34,14,8,19,CC(C)C[C@@H](NC(=O)[C@H](CCCCNc1ccc([N+](=O)[O-])cc1[N+](=O)[O-])NC(=O)[C@@H](N)CSCc1ccccc1)C(=O)O
107,34,14,2,11,N[C@@H](CSCc1ccccc1)C(=O)N[C@@H](CCCCNc1ccc([N+](=O)[O-])cc1[N+](=O)[O-])C(=O)N1Cc2ccccc2C[C@H]1C(=O)O
179,34,14,5,22,CC[C@H](NC(=O)[C@H](CCCCNc1ccc([N+](=O)[O-])cc1[N+](=O)[O-])NC(=O)[C@@H](N)CSCc1ccccc1)C(=O)O
76,34,14,5,19,NC(=O)NCCCC[C@H](NC(=O)[C@H](CCCCNc1ccc([N+](=O)[O-])cc1[N+](=O)[O-])NC(=O)[C@@H](N)CSCc1ccccc1)C(=O)O
10,34,24,12,21,C=CCOC(=O)[C@@H](CC(=O)O)NC(=O)[C@H](CCCCNc1ccc([N+](=O)[O-])cc1[N+](=O)[O-])NC(=O)CNCc1ccc(OC)cc1O
58,34,14,2,10,N[C@@H](CSCc1ccccc1)C(=O)N[C@@H](CCCCNc1ccc([N+](=O)[O-])cc1[N+](=O)[O-])C(=O)N[C@H](CC(=O)O)c1ccccc1C(F)(F)F
109,34,14,6,15,CC(C)(C)OC(=O)[C@H](CCC(=O)O)NC(=O)[C@H](CCCCNc1ccc([N+](=O)[O-])cc1[N+](=O)[O-])NC(=O)[C@@H](N)CSCc1ccccc1
123,34,24,1,10,COc1ccc(CNCC(=O)N[C@@H](CCCCNc2ccc([N+](=O)[O-])cc2[N+](=O)[O-])C(=O)N[C@H](Cc2ccc(-c3ccccc3)cc2)C(=O)O)c(O)c1
66,34,14,7,14,N[C@@H](CSCc1ccccc1)C(=O)N[C@@H](CCCCNc1ccc([N+](=O)[O-])cc1[N+](=O)[O-])C(=O)N[C@H](CC1CCCCC1)C(=O)O
91,34,14,4,19,N[C@@H](CSCc1ccccc1)C(=O)N[C@@H](CCCCNc1ccc([N+](=O)[O-])cc1[N+](=O)[O-])C(=O)N[C@H](Cc1cccs1)C(=O)O
116,22,14,6,11,C#Cc1ccc(C[C@H](NC(=O)[C@@H](N)CSCc2ccccc2)C(=O)N[C@@H](CC(N)=O)C(=O)O)cc1
80,34,24,2,12,CC[C@H](C)[C@H](NC(=O)[C@H](CCCCNc1ccc([N+](=O)[O-])cc1[N+](=O)[O-])NC(=O)CNCc1ccc(OC)cc1O)C(=O)N1[C@H](C(=O)O)[C@@H](C)OC1(C)C
70,34,14,6,13,CC[C@@H](NC(=O)[C@H](CCCCNc1ccc([N+](=O)[O-])cc1[N+](=O)[O-])NC(=O)[C@@H](N)CSCc1ccccc1)C(=O)O
12,34,14,7,20,N[C@@H](CSCc1ccccc1)C(=O)N[C@@H](CCCCNc1ccc([N+](=O)[O-])cc1[N+](=O)[O-])C(=O)N[C@H](CC(=O)OCc1ccccc1)C(=O)O
116,100,14,7,13,COc1ccc(C(NC(=O)[C@@H](N)CSCc2ccccc2)c2ccc(OCC(=O)N[C@@H](CC(N)=O)C(=O)O)cc2)c(OC)c1
116,112,14,7,9,COc1ccc(C(NC(=O)[C@@H](N)CSCc2ccccc2)c2ccc(OCC(=O)N[C@@H](CC(N)=O)C(=O)O)cc2)c(OC)c1
35,117,14,6,8,N[C@@H](CSCc1ccccc1)C(=O)N[C@H](Cc1ccc(-c2ccccc2)cc1)C(=O)N[C@@H](CCCCNc1ccc([N+](=O)[O-])cc1[N+](=O)[O-])C(=O)O
116,129,14,6,10,NC(=O)C[C@H](NC(=O)[C@@H](Cc1ccc2ccccc2c1)NC(=O)[C@@H](N)CSCc1ccccc1)C(=O)O
116,34,174,3,19,CC[C@H](N)C(=O)N[C@@H](CCCCNc1ccc([N+](=O)[O-])cc1[N+](=O)[O-])C(=O)N[C@@H](CC(N)=O)C(=O)O
95,130,14,3,8,N#Cc1ccc(C[C@@H](C(=O)O)N(C(=O)[C@@H]2CCCCN2)C(=O)[C@@H](N)CSCc2ccccc2)cc1
192,34,14,4,9,N[C@@H](CSCc1ccccc1)C(=O)N[C@@H](CCCCNc1ccc([N+](=O)[O-])cc1[N+](=O)[O-])C(=O)NCC1CCC(C(=O)O)CC1
106,34,14,2,9,N[C@@H](CSCc1ccccc1)C(=O)N[C@@H](CCCCNc1ccc([N+](=O)[O-])cc1[N+](=O)[O-])C(=O)NC1(C(=O)O)CC1
104,34,14,5,10,N[C@@H](CSCc1ccccc1)C(=O)N[C@@H](CCCCNc1ccc([N+](=O)[O-])cc1[N+](=O)[O-])C(=O)NC1N=C(c2ccccc2)c2ccccc2N(CC(=O)O)C1=O
116,34,93,2,26,CC(=NCC[C@H](N)C(=O)N[C@@H](CCCCNc1ccc([N+](=O)[O-])cc1[N+](=O)[O-])C(=O)N[C@@H](CC(N)=O)C(=O)O)C1=C(O)CC(C)(C)CC1=O
116,167,35,7,24,NC(=O)C[C@H](NC(=O)[C@H](Cc1ccccc1Cl)NC(=O)[C@@H](N)CCCCNc1ccc([N+](=O)[O-])cc1[N+](=O)[O-])C(=O)O
35,116,24,5,11,COc1ccc(CNCC(=O)N[C@H](CC(=O)N[C@@H](CCCCNc2ccc([N+](=O)[O-])cc2[N+](=O)[O-])C(=O)O)c2ccccc2C(F)(F)F)c(O)c1
116,112,35,4,11,COc1ccc(C(NC(=O)[C@@H](N)CCCCNc2ccc([N+](=O)[O-])cc2[N+](=O)[O-])c2ccc(OCC(=O)N[C@@H](CC(N)=O)C(=O)O)cc2)c(OC)c1
117,148,14,0,12,CC(C)(C)[C@H](NC(=O)[C@@H](CO)NC(=O)[C@@H](N)CSCc1ccccc1)C(=O)O
59,34,93,9,10,CC(=NCC[C@H](N)C(=O)N[C@@H](CCCCNc1ccc([N+](=O)[O-])cc1[N+](=O)[O-])C(=O)NCC(=O)N[C@H](C(=O)O)C(C)C)C1=C(O)CC(C)(C)CC1=O
11,34,14,0,22,C=CCOC(=O)C[C@@H](NC(=O)[C@H](CCCCNc1ccc([N+](=O)[O-])cc1[N+](=O)[O-])NC(=O)[C@@H](N)CSCc1ccccc1)C(=O)O
59,34,149,1,9,CC(C)[C@H](NC(=O)CNC(=O)[C@H](CCCCNc1ccc([N+](=O)[O-])cc1[N+](=O)[O-])NC(=O)[C@H](N)CO)C(=O)O
103,34,24,5,5,COc1ccc(CNCC(=O)N[C@@H](CCCCNc2ccc([N+](=O)[O-])cc2[N+](=O)[O-])C(=O)NC[C@H](N=C(C)C2=C(O)CC(C)(C)CC2=O)C(=O)O)c(O)c1
193,34,14,7,20,N[C@@H](CSCc1ccccc1)C(=O)N[C@@H](CCCCNc1ccc([N+](=O)[O-])cc1[N+](=O)[O-])C(=O)N[C@@H](CC1CC1)C(=O)O
35,169,14,1,11,CC(C)(C)OC(=O)C[C@H](NC(=O)[C@@H](N)CSCc1ccccc1)C(=O)N[C@@H](CCCCNc1ccc([N+](=O)[O-])cc1[N+](=O)[O-])C(=O)O
188,126,14,4,5,CC(C)(C)[C@@H](NC(=O)[C@H](Cc1csc2ccccc12)NC(=O)[C@@H](N)CSCc1ccccc1)C(=O)O
75,34,24,4,5,COc1ccc(CNCC(=O)N[C@@H](CCCCNc2ccc([N+](=O)[O-])cc2[N+](=O)[O-])C(=O)N[C@@H](Cc2ccccn2)C(=O)O)c(O)c1
173,34,24,2,17,COc1ccc(CNCC(=O)N[C@@H](CCCCNc2ccc([N+](=O)[O-])cc2[N+](=O)[O-])C(=O)N[C@@H](Cc2ccccc2Cl)C(=O)O)c(O)c1
54,34,24,4,14,COc1ccc(CNCC(=O)N[C@@H](CCCCNc2ccc([N+](=O)[O-])cc2[N+](=O)[O-])C(=O)N[C@@H](Cc2c[nH]c3ccccc23)C(=O)O)c(O)c1
116,34,8,9,24,COC(=O)C[C@H](N)C(=O)N[C@@H](CCCCNc1ccc([N+](=O)[O-])cc1[N+](=O)[O-])C(=O)N[C@@H](CC(N)=O)C(=O)O
173,34,14,1,14,N[C@@H](CSCc1ccccc1)C(=O)N[C@@H](CCCCNc1ccc([N+](=O)[O-])cc1[N+](=O)[O-])C(=O)N[C@@H](Cc1ccccc1Cl)C(=O)O
116,91,14,8,18,NC(=O)C[C@H](NC(=O)[C@H](Cc1ccc(Br)s1)NC(=O)[C@@H](N)CSCc1ccccc1)C(=O)O
35,32,24,8,15,COc1ccc(CNCC(=O)N[C@H](CC(=O)N[C@@H](CCCCNc2ccc([N+](=O)[O-])cc2[N+](=O)[O-])C(=O)O)c2ccc(C(F)(F)F)cc2)c(O)c1
175,34,14,3,18,CC(C)(C)OC(=O)C[C@H](NC(=O)[C@H](CCCCNc1ccc([N+](=O)[O-])cc1[N+](=O)[O-])NC(=O)[C@@H](N)CSCc1ccccc1)C(=O)O
10,34,14,13,19,C=CCOC(=O)[C@@H](CC(=O)O)NC(=O)[C@H](CCCCNc1ccc([N+](=O)[O-])cc1[N+](=O)[O-])NC(=O)[C@@H](N)CSCc1ccccc1
80,34,14,4,13,CC[C@H](C)[C@H](NC(=O)[C@H](CCCCNc1ccc([N+](=O)[O-])cc1[N+](=O)[O-])NC(=O)[C@@H](N)CSCc1ccccc1)C(=O)N1[C@H](C(=O)O)[C@@H](C)OC1(C)C
116,34,149,4,9,NC(=O)C[C@H](NC(=O)[C@H](CCCCNc1ccc([N+](=O)[O-])cc1[N+](=O)[O-])NC(=O)[C@H](N)CO)C(=O)O
61,34,24,11,16,COc1ccc(CNCC(=O)N[C@@H](CCCCNc2ccc([N+](=O)[O-])cc2[N+](=O)[O-])C(=O)N[C@@H](Cc2ccc(I)cc2)C(=O)O)c(O)c1
127,34,14,2,16,N[C@@H](CSCc1ccccc1)C(=O)N[C@@H](CCCCNc1ccc([N+](=O)[O-])cc1[N+](=O)[O-])C(=O)N[C@@H](Cc1ccc([N+](=O)[O-])cc1)C(=O)O
114,34,14,10,18,CC(C)(C)Oc1ccc(C[C@@H](NC(=O)[C@H](CCCCNc2ccc([N+](=O)[O-])cc2[N+](=O)[O-])NC(=O)[C@@H](N)CSCc2ccccc2)C(=O)O)cc1
59,34,37,1,14,CC(C)[C@H](NC(=O)CNC(=O)[C@H](CCCCNc1ccc([N+](=O)[O-])cc1[N+](=O)[O-])NC(=O)C1CCNC1)C(=O)O
85,34,14,1,12,N[C@@H](CSCc1ccccc1)C(=O)N[C@@H](CCCCNc1ccc([N+](=O)[O-])cc1[N+](=O)[O-])C(=O)N[C@H](Cc1ccccc1I)C(=O)O
116,34,61,9,14,NC(=O)C[C@H](NC(=O)[C@H](CCCCNc1ccc([N+](=O)[O-])cc1[N+](=O)[O-])NC(=O)[C@H](N)c1ccccc1)C(=O)O
140,34,14,5,17,NC(=O)CC[C@H](NC(=O)[C@H](CCCCNc1ccc([N+](=O)[O-])cc1[N+](=O)[O-])NC(=O)[C@@H](N)CSCc1ccccc1)C(=O)O
116,121,14,2,6,NC(=O)C[C@H](NC(=O)[C@H](Cc1ccc([N+](=O)[O-])cc1)NC(=O)[C@@H](N)CSCc1ccccc1)C(=O)O
35,167,14,14,13,N[C@@H](CSCc1ccccc1)C(=O)N[C@@H](Cc1ccccc1Cl)C(=O)N[C@@H](CCCCNc1ccc([N+](=O)[O-])cc1[N+](=O)[O-])C(=O)O
147,34,14,7,8,C=CC[C@H](NC(=O)[C@H](CCCCNc1ccc([N+](=O)[O-])cc1[N+](=O)[O-])NC(=O)[C@@H](N)CSCc1ccccc1)C(=O)O
120,116,14,8,14,N[C@@H](CSCc1ccccc1)C(=O)N[C@H](CC(=O)NC1(C(=O)O)CCCC1)c1ccccc1C(F)(F)F
123,34,37,0,12,O=C(N[C@@H](CCCCNc1ccc([N+](=O)[O-])cc1[N+](=O)[O-])C(=O)N[C@H](Cc1ccc(-c2ccccc2)cc1)C(=O)O)C1CCNC1
117,110,14,2,6,CC(C)(C)[C@@H](C(=O)O)N(C(=O)[C@@H](N)CSCc1ccccc1)C(=O)[C@H]1CCCCN1
55,34,14,2,19,N[C@@H](CSCc1ccccc1)C(=O)N[C@@H](CCCCNc1ccc([N+](=O)[O-])cc1[N+](=O)[O-])C(=O)N[C@@H](Cc1ccc(OP(=O)(O)O)cc1)C(=O)O
142,34,14,2,9,N[C@@H](CSCc1ccccc1)C(=O)N[C@@H](CCCCNc1ccc([N+](=O)[O-])cc1[N+](=O)[O-])C(=O)N[C@@H](Cc1ccc(F)cc1)C(=O)O
77,34,14,8,17,N[C@@H](CSCc1ccccc1)C(=O)N[C@@H](CCCCNc1ccc([N+](=O)[O-])cc1[N+](=O)[O-])C(=O)N[C@H](Cc1ccc(O)c(I)c1)C(=O)O
116,34,60,1,12,NC(=O)C[C@H](NC(=O)[C@H](CCCCNc1ccc([N+](=O)[O-])cc1[N+](=O)[O-])NC(=O)[C@@H](N)c1ccccc1)C(=O)O
35,126,14,1,6,N[C@@H](CSCc1ccccc1)C(=O)N[C@@H](Cc1csc2ccccc12)C(=O)N[C@@H](CCCCNc1ccc([N+](=O)[O-])cc1[N+](=O)[O-])C(=O)O
78,34,24,1,23,COc1ccc(C[Se]C[C@H](NC(=O)[C@H](CCCCNc2ccc([N+](=O)[O-])cc2[N+](=O)[O-])NC(=O)CNCc2ccc(OC)cc2O)C(=O)O)cc1
59,34,21,7,18,CC(C)[C@H](NC(=O)CNC(=O)[C@H](CCCCNc1ccc([N+](=O)[O-])cc1[N+](=O)[O-])NC(=O)[C@@H](N)CCC(=O)OC1CCCCC1)C(=O)O
116,34,73,2,8,NC(=O)C[C@H](NC(=O)[C@H](CCCCNc1ccc([N+](=O)[O-])cc1[N+](=O)[O-])NC(=O)[C@H](N)Cc1ccc(O)c(I)c1)C(=O)O
116,34,80,5,4,NC(=O)C[C@H](NC(=O)[C@H](CCCCNc1ccc([N+](=O)[O-])cc1[N+](=O)[O-])NC(=O)[C@H](N)Cc1cccc(I)c1)C(=O)O
43,130,14,2,7,N[C@@H](CSCc1ccccc1)C(=O)N(C(=O)[C@@H]1CCCCN1)[C@@H](COCc1ccccc1)C(=O)O
124,34,14,5,10,N[C@@H](CSCc1ccccc1)C(=O)N[C@@H](CCCCNc1ccc([N+](=O)[O-])cc1[N+](=O)[O-])C(=O)N[C@@H](CO)C(=O)O
141,34,14,6,5,N[C@@H](CSCc1ccccc1)C(=O)N[C@@H](CCCCNc1ccc([N+](=O)[O-])cc1[N+](=O)[O-])C(=O)N[C@H](Cc1ccc(C(=O)c2ccccc2)cc1)C(=O)O
168,34,197,5,10,NS(=O)(=O)c1ccc(C(=O)N[C@@H](CCCCNc2ccc([N+](=O)[O-])cc2[N+](=O)[O-])C(=O)N[C@@H](Cc2ccc3ccccc3c2)C(=O)O)cc1
128,34,14,5,16,N[C@@H](CSCc1ccccc1)C(=O)N[C@@H](CCCCNc1ccc([N+](=O)[O-])cc1[N+](=O)[O-])C(=O)N[C@@H](CCc1ccccc1)C(=O)O
144,34,14,1,3,N[C@@H](CSCc1ccccc1)C(=O)N[C@@H](CCCCNc1ccc([N+](=O)[O-])cc1[N+](=O)[O-])C(=O)N[C@H](CCc1ccccc1)C(=O)O
127,34,24,8,15,COc1ccc(CNCC(=O)N[C@@H](CCCCNc2ccc([N+](=O)[O-])cc2[N+](=O)[O-])C(=O)N[C@@H](Cc2ccc([N+](=O)[O-])cc2)C(=O)O)c(O)c1
160,34,14,7,20,CCCC[C@@H](NC(=O)[C@H](CCCCNc1ccc([N+](=O)[O-])cc1[N+](=O)[O-])NC(=O)[C@@H](N)CSCc1ccccc1)C(=O)O
177,34,14,2,10,N[C@@H](CSCc1ccccc1)C(=O)N[C@@H](CCCCNc1ccc([N+](=O)[O-])cc1[N+](=O)[O-])C(=O)N[C@@H](Cc1cccs1)C(=O)O
53,34,14,2,10,N[C@@H](CSCc1ccccc1)C(=O)N[C@@H](CCCCNc1ccc([N+](=O)[O-])cc1[N+](=O)[O-])C(=O)N[C@H](CC1CC1)C(=O)O
132,34,149,3,17,N[C@H](CO)C(=O)N[C@@H](CCCCNc1ccc([N+](=O)[O-])cc1[N+](=O)[O-])C(=O)N[C@@H](Cc1csc2ccccc12)C(=O)O
116,153,35,0,6,NC(=O)C[C@H](NC(=O)C[C@H](NC(=O)[C@@H](N)CCCCNc1ccc([N+](=O)[O-])cc1[N+](=O)[O-])c1ccccc1)C(=O)O
71,130,14,3,9,N[C@@H](CSCc1ccccc1)C(=O)N(C(=O)[C@@H]1CCCCN1)[C@@H](Cc1cc(I)c(O)c(I)c1)C(=O)O
84,34,14,6,15,N[C@@H](CSCc1ccccc1)C(=O)N[C@@H](CCCCNc1ccc([N+](=O)[O-])cc1[N+](=O)[O-])C(=O)N[C@H](Cc1cccc(I)c1)C(=O)O
125,34,14,1,14,CC(C)[C@H](NC(=O)[C@H](CCCCNc1ccc([N+](=O)[O-])cc1[N+](=O)[O-])NC(=O)[C@@H](N)CSCc1ccccc1)C(=O)O
46,34,24,7,9,COc1ccc(CNCC(=O)N[C@@H](CCCCNc2ccc([N+](=O)[O-])cc2[N+](=O)[O-])C(=O)N[C@H](COCc2ccccc2)C(=O)O)c(O)c1
35,112,14,6,9,COc1ccc(C(NC(=O)[C@@H](N)CSCc2ccccc2)c2ccc(OCC(=O)N[C@@H](CCCCNc3ccc([N+](=O)[O-])cc3[N+](=O)[O-])C(=O)O)cc2)c(OC)c1
78,34,14,10,9,COc1ccc(C[Se]C[C@H](NC(=O)[C@H](CCCCNc2ccc([N+](=O)[O-])cc2[N+](=O)[O-])NC(=O)[C@@H](N)CSCc2ccccc2)C(=O)O)cc1
116,34,23,5,9,CC(C)(C)OC(=O)[C@H](N)CCC(=O)N[C@@H](CCCCNc1ccc([N+](=O)[O-])cc1[N+](=O)[O-])C(=O)N[C@@H](CC(N)=O)C(=O)O
68,34,14,3,6,N[C@@H](CSCc1ccccc1)C(=O)N[C@@H](CCCCNc1ccc([N+](=O)[O-])cc1[N+](=O)[O-])C(=O)N1CSC[C@H]1C(=O)O
169,34,14,0,10,N[C@@H](CSCc1ccccc1)C(=O)N[C@@H](CCCCNc1ccc([N+](=O)[O-])cc1[N+](=O)[O-])C(=O)N1CSC[C@H]1C(=O)O
61,34,14,3,15,N[C@@H](CSCc1ccccc1)C(=O)N[C@@H](CCCCNc1ccc([N+](=O)[O-])cc1[N+](=O)[O-])C(=O)N[C@@H](Cc1ccc(I)cc1)C(=O)O
157,34,24,6,7,COc1ccc(CNCC(=O)N[C@@H](CCCCNc2ccc([N+](=O)[O-])cc2[N+](=O)[O-])C(=O)N[C@H](C(=O)O)C(c2ccccc2)c2ccccc2)c(O)c1
112,34,14,0,12,CC[C@H](C)[C@@H](NC(=O)[C@H](CCCCNc1ccc([N+](=O)[O-])cc1[N+](=O)[O-])NC(=O)[C@@H](N)CSCc1ccccc1)C(=O)O
116,32,14,5,16,NC(=O)C[C@H](NC(=O)C[C@@H](NC(=O)[C@@H](N)CSCc1ccccc1)c1ccc(C(F)(F)F)cc1)C(=O)O
35,152,14,10,14,CC(C)(C)OC(=O)C[C@@H](NC(=O)[C@@H](N)CSCc1ccccc1)C(=O)N[C@@H](CCCCNc1ccc([N+](=O)[O-])cc1[N+](=O)[O-])C(=O)O
103,34,14,7,9,CC(=N[C@@H](CNC(=O)[C@H](CCCCNc1ccc([N+](=O)[O-])cc1[N+](=O)[O-])NC(=O)[C@@H](N)CSCc1ccccc1)C(=O)O)C1=C(O)CC(C)(C)CC1=O
164,34,14,4,7,CC(C)(C)OC(=O)N1CCCC(C(CC(=O)O)NC(=O)[C@H](CCCCNc2ccc([N+](=O)[O-])cc2[N+](=O)[O-])NC(=O)[C@@H](N)CSCc2ccccc2)C1
117,71,14,4,6,CC(C)(C)[C@H](NC(=O)[C@H](CCCCNC(N)=O)NC(=O)[C@@H](N)CSCc1ccccc1)C(=O)O
54,34,14,3,2,N[C@@H](CSCc1ccccc1)C(=O)N[C@@H](CCCCNc1ccc([N+](=O)[O-])cc1[N+](=O)[O-])C(=O)N[C@@H](Cc1c[nH]c2ccccc12)C(=O)O
35,162,14,7,10,N[C@@H](CSCc1ccccc1)C(=O)N[C@@H](Cc1ccc2ccccc2c1)C(=O)N[C@@H](CCCCNc1ccc([N+](=O)[O-])cc1[N+](=O)[O-])C(=O)O
176,34,14,4,8,Cc1cccc(C[C@H](NC(=O)[C@H](CCCCNc2ccc([N+](=O)[O-])cc2[N+](=O)[O-])NC(=O)[C@@H](N)CSCc2ccccc2)C(=O)O)c1
145,34,14,9,7,CC(C)C[C@H](NC(=O)[C@H](CCCCNc1ccc([N+](=O)[O-])cc1[N+](=O)[O-])NC(=O)[C@@H](N)CSCc1ccccc1)C(=O)O
178,34,14,10,9,N[C@@H](CSCc1ccccc1)C(=O)N[C@@H](CCCCNc1ccc([N+](=O)[O-])cc1[N+](=O)[O-])C(=O)NC1(C(=O)O)CCCCCC1
116,71,24,3,6,COc1ccc(CNCC(=O)N[C@@H](CCCCNC(N)=O)C(=O)N[C@@H](CC(N)=O)C(=O)O)c(O)c1
116,162,35,2,18,NC(=O)C[C@H](NC(=O)[C@H](Cc1ccc2ccccc2c1)NC(=O)[C@@H](N)CCCCNc1ccc([N+](=O)[O-])cc1[N+](=O)[O-])C(=O)O
44,34,14,5,8,N[C@@H](CSCc1ccccc1)C(=O)N[C@@H](CCCCNc1ccc([N+](=O)[O-])cc1[N+](=O)[O-])C(=O)N1[C@@H](c2ccccc2)CC[C@H]1C(=O)O
192,34,24,7,18,COc1ccc(CNCC(=O)N[C@@H](CCCCNc2ccc([N+](=O)[O-])cc2[N+](=O)[O-])C(=O)NCC2CCC(C(=O)O)CC2)c(O)c1
166,34,14,2,13,N[C@@H](CSCc1ccccc1)C(=O)N[C@@H](CCCCNc1ccc([N+](=O)[O-])cc1[N+](=O)[O-])C(=O)NCCC(=O)O
116,166,14,4,13,NC(=O)C[C@H](NC(=O)[C@H](Cc1ccc(-c2ccccc2)cc1)NC(=O)[C@@H](N)CSCc1ccccc1)C(=O)O
188,148,14,1,6,CC(C)(C)[C@@H](NC(=O)[C@@H](CO)NC(=O)[C@@H](N)CSCc1ccccc1)C(=O)O
86,34,24,0,5,COc1ccc(CNCC(=O)N[C@@H](CCCCNc2ccc([N+](=O)[O-])cc2[N+](=O)[O-])C(=O)N[C@@H](Cc2ccccc2I)C(=O)O)c(O)c1
143,34,14,5,1,N[C@@H](CSCc1ccccc1)C(=O)N[C@@H](CCCCNc1ccc([N+](=O)[O-])cc1[N+](=O)[O-])C(=O)N[C@@H](CC1CCCCC1)C(=O)O
35,91,14,6,5,N[C@@H](CSCc1ccccc1)C(=O)N[C@@H](Cc1ccc(Br)s1)C(=O)N[C@@H](CCCCNc1ccc([N+](=O)[O-])cc1[N+](=O)[O-])C(=O)O
152,34,14,3,5,CSC[C@H](NC(=O)[C@H](CCCCNc1ccc([N+](=O)[O-])cc1[N+](=O)[O-])NC(=O)[C@@H](N)CSCc1ccccc1)C(=O)O
35,45,14,2,13,N[C@@H](CSCc1ccccc1)C(=O)N[C@H](COCc1ccccc1)C(=O)N[C@@H](CCCCNc1ccc([N+](=O)[O-])cc1[N+](=O)[O-])C(=O)O
59,34,61,6,10,CC(C)[C@H](NC(=O)CNC(=O)[C@H](CCCCNc1ccc([N+](=O)[O-])cc1[N+](=O)[O-])NC(=O)[C@H](N)c1ccccc1)C(=O)O
75,34,14,4,9,N[C@@H](CSCc1ccccc1)C(=O)N[C@@H](CCCCNc1ccc([N+](=O)[O-])cc1[N+](=O)[O-])C(=O)N[C@@H](Cc1ccccn1)C(=O)O
156,34,14,6,18,C[C@@H](NC(=O)[C@H](CCCCNc1ccc([N+](=O)[O-])cc1[N+](=O)[O-])NC(=O)[C@@H](N)CSCc1ccccc1)C(=O)O
35,23,14,4,14,CC(C)(C)OC(=O)[C@@H](CCC(=O)N[C@@H](CCCCNc1ccc([N+](=O)[O-])cc1[N+](=O)[O-])C(=O)O)NC(=O)[C@@H](N)CSCc1ccccc1
106,112,14,2,9,COc1ccc(C(NC(=O)[C@@H](N)CSCc2ccccc2)c2ccc(OCC(=O)NC3(C(=O)O)CC3)cc2)c(OC)c1
59,166,14,3,14,CC(C)[C@H](NC(=O)CNC(=O)[C@H](Cc1ccc(-c2ccccc2)cc1)NC(=O)[C@@H](N)CSCc1ccccc1)C(=O)O
101,110,14,1,13,N[C@@H](CSCc1ccccc1)C(=O)N(C(=O)[C@H]1CCCCN1)[C@@H]1C[C@@H]2C(=O)N(CC(=O)O)c3ccccc3C(=O)N2C1
110,130,14,2,10,CC(C)(C)OC[C@H](C(=O)O)N(C(=O)[C@@H]1CCCCN1)C(=O)[C@@H](N)CSCc1ccccc1
94,130,14,2,4,N[C@@H](CSCc1ccccc1)C(=O)N(C(=O)[C@@H]1CCCCN1)[C@H](CC(=O)O)Cc1ccccc1F
35,71,14,1,4,NC(=O)NCCCC[C@H](NC(=O)[C@@H](N)CSCc1ccccc1)C(=O)N[C@@H](CCCCNc1ccc([N+](=O)[O-])cc1[N+](=O)[O-])C(=O)O
116,34,2,2,7,NC(=O)C[C@H](NC(=O)[C@H](CCCCNc1ccc([N+](=O)[O-])cc1[N+](=O)[O-])NC(=O)[C@@H]1Cc2c([nH]c3ccccc23)CN1)C(=O)O
59,34,27,2,9,CC(C)[C@H](NC(=O)CNC(=O)[C@H](CCCCNc1ccc([N+](=O)[O-])cc1[N+](=O)[O-])NC(=O)[C@@H](N)Cc1ccsc1)C(=O)O
117,166,14,6,23,CC(C)(C)[C@H](NC(=O)[C@H](Cc1ccc(-c2ccccc2)cc1)NC(=O)[C@@H](N)CSCc1ccccc1)C(=O)O
188,117,14,4,9,CC(C)(C)[C@@H](NC(=O)[C@@H](Cc1ccc(-c2ccccc2)cc1)NC(=O)[C@@H](N)CSCc1ccccc1)C(=O)O
92,34,119,1,10,Cc1[nH]c2ccccc2c1C[C@@H](NC(=O)[C@H](CCCCNc1ccc([N+](=O)[O-])cc1[N+](=O)[O-])NC(=O)[C@@H](N)CO)C(=O)O
103,34,21,4,11,CC(=N[C@@H](CNC(=O)[C@H](CCCCNc1ccc([N+](=O)[O-])cc1[N+](=O)[O-])NC(=O)[C@@H](N)CCC(=O)OC1CCCCC1)C(=O)O)C1=C(O)CC(C)(C)CC1=O
103,34,27,1,7,CC(=N[C@@H](CNC(=O)[C@H](CCCCNc1ccc([N+](=O)[O-])cc1[N+](=O)[O-])NC(=O)[C@@H](N)Cc1ccsc1)C(=O)O)C1=C(O)CC(C)(C)CC1=O
174,34,14,5,8,N[C@@H](CSCc1ccccc1)C(=O)N[C@@H](CCCCNc1ccc([N+](=O)[O-])cc1[N+](=O)[O-])C(=O)NCCOCCOCC(=O)O
118,34,14,2,15,N[C@@H](CSCc1ccccc1)C(=O)N[C@@H](CCCCNc1ccc([N+](=O)[O-])cc1[N+](=O)[O-])C(=O)N[C@@H](CNc1ccc([N+](=O)[O-])cc1[N+](=O)[O-])C(=O)O
35,42,14,5,9,N[C@@H](CSCc1ccccc1)C(=O)N[C@@H](COCc1ccccc1)C(=O)N[C@@H](CCCCNc1ccc([N+](=O)[O-])cc1[N+](=O)[O-])C(=O)O
32,34,24,7,5,COc1ccc(CNCC(=O)N[C@@H](CCCCNc2ccc([N+](=O)[O-])cc2[N+](=O)[O-])C(=O)N[C@H](CC(=O)O)c2ccc(C(F)(F)F)cc2)c(O)c1
35,160,14,2,15,N[C@@H](CSCc1ccccc1)C(=O)NCCC(=O)N[C@@H](CCCCNc1ccc([N+](=O)[O-])cc1[N+](=O)[O-])C(=O)O
123,34,27,3,2,N[C@@H](Cc1ccsc1)C(=O)N[C@@H](CCCCNc1ccc([N+](=O)[O-])cc1[N+](=O)[O-])C(=O)N[C@H](Cc1ccc(-c2ccccc2)cc1)C(=O)O
95,110,14,3,10,N#Cc1ccc(C[C@@H](C(=O)O)N(C(=O)[C@@H](N)CSCc2ccccc2)C(=O)[C@H]2CCCCN2)cc1
22,34,14,5,10,C#Cc1ccc(C[C@H](NC(=O)[C@H](CCCCNc2ccc([N+](=O)[O-])cc2[N+](=O)[O-])NC(=O)[C@@H](N)CSCc2ccccc2)C(=O)O)cc1
35,148,14,3,4,N[C@@H](CSCc1ccccc1)C(=O)N[C@H](CO)C(=O)N[C@@H](CCCCNc1ccc([N+](=O)[O-])cc1[N+](=O)[O-])C(=O)O
116,71,14,8,9,NC(=O)C[C@H](NC(=O)[C@H](CCCCNC(N)=O)NC(=O)[C@@H](N)CSCc1ccccc1)C(=O)O
32,34,14,3,9,N[C@@H](CSCc1ccccc1)C(=O)N[C@@H](CCCCNc1ccc([N+](=O)[O-])cc1[N+](=O)[O-])C(=O)N[C@H](CC(=O)O)c1ccc(C(F)(F)F)cc1
75,34,15,7,8,C#CCC[C@H](N)C(=O)N[C@@H](CCCCNc1ccc([N+](=O)[O-])cc1[N+](=O)[O-])C(=O)N[C@@H](Cc1ccccn1)C(=O)O
59,34,174,4,9,CC[C@H](N)C(=O)N[C@@H](CCCCNc1ccc([N+](=O)[O-])cc1[N+](=O)[O-])C(=O)NCC(=O)N[C@H](C(=O)O)C(C)C
101,130,14,0,5,N[C@@H](CSCc1ccccc1)C(=O)N(C(=O)[C@@H]1CCCCN1)[C@@H]1C[C@@H]2C(=O)N(CC(=O)O)c3ccccc3C(=O)N2C1
96,130,14,3,12,N[C@@H](CSCc1ccccc1)C(=O)N(C(=O)[C@@H]1CCCCN1)[C@@H](Cc1ccc(Br)s1)C(=O)O
113,130,14,5,6,CC(C)(C)OC[C@@H](C(=O)O)N(C(=O)[C@@H]1CCCCN1)C(=O)[C@@H](N)CSCc1ccccc1
59,34,60,3,6,CC(C)[C@H](NC(=O)CNC(=O)[C@H](CCCCNc1ccc([N+](=O)[O-])cc1[N+](=O)[O-])NC(=O)[C@@H](N)c1ccccc1)C(=O)O
59,71,14,1,7,CC(C)[C@H](NC(=O)CNC(=O)[C@H](CCCCNC(N)=O)NC(=O)[C@@H](N)CSCc1ccccc1)C(=O)O
71,110,14,2,12,N[C@@H](CSCc1ccccc1)C(=O)N(C(=O)[C@H]1CCCCN1)[C@@H](Cc1cc(I)c(O)c(I)c1)C(=O)O
133,110,14,0,8,N[C@@H](CSCc1ccccc1)C(=O)N(CC1CCC(C(=O)O)CC1)C(=O)[C@H]1CCCCN1
110,110,14,1,3,CC(C)(C)OC[C@H](C(=O)O)N(C(=O)[C@@H](N)CSCc1ccccc1)C(=O)[C@H]1CCCCN1
35,166,14,5,7,N[C@@H](CSCc1ccccc1)C(=O)N[C@@H](Cc1ccc(-c2ccccc2)cc1)C(=O)N[C@@H](CCCCNc1ccc([N+](=O)[O-])cc1[N+](=O)[O-])C(=O)O
65,34,24,2,10,COc1ccc(CNCC(=O)NC(=NCCCC[C@H](N)C(=O)O)NC(=O)[C@@H](N)CCCCNc2ccc([N+](=O)[O-])cc2[N+](=O)[O-])c(O)c1
146,34,14,0,10,N[C@@H](CSCc1ccccc1)C(=O)N[C@@H](CCCCNc1ccc([N+](=O)[O-])cc1[N+](=O)[O-])C(=O)N[C@@H](Cc1ccccc1)C(=O)O
103,34,149,1,4,CC(=N[C@@H](CNC(=O)[C@H](CCCCNc1ccc([N+](=O)[O-])cc1[N+](=O)[O-])NC(=O)[C@H](N)CO)C(=O)O)C1=C(O)CC(C)(C)CC1=O
59,117,14,6,8,CC(C)[C@H](NC(=O)CNC(=O)[C@@H](Cc1ccc(-c2ccccc2)cc1)NC(=O)[C@@H](N)CSCc1ccccc1)C(=O)O
96,110,14,1,3,N[C@@H](CSCc1ccccc1)C(=O)N(C(=O)[C@H]1CCCCN1)[C@@H](Cc1ccc(Br)s1)C(=O)O
153,34,24,1,9,COc1ccc(CNCC(=O)N[C@@H](CCCCNc2ccc([N+](=O)[O-])cc2[N+](=O)[O-])C(=O)N[C@@H](Cc2ccncc2)C(=O)O)c(O)c1
64,34,14,1,11,CCCC[C@H](NC(=O)[C@H](CCCCNc1ccc([N+](=O)[O-])cc1[N+](=O)[O-])NC(=O)[C@@H](N)CSCc1ccccc1)C(=O)O
116,130,14,5,6,N[C@@H](CSCc1ccccc1)C(=O)NC(=O)C[C@H](NC(=O)[C@@H]1CCCCN1)C(=O)O
116,162,14,6,15,NC(=O)C[C@H](NC(=O)[C@H](Cc1ccc2ccccc2c1)NC(=O)[C@@H](N)CSCc1ccccc1)C(=O)O
92,34,149,2,19,Cc1[nH]c2ccccc2c1C[C@@H](NC(=O)[C@H](CCCCNc1ccc([N+](=O)[O-])cc1[N+](=O)[O-])NC(=O)[C@H](N)CO)C(=O)O
188,166,14,0,12,CC(C)(C)[C@@H](NC(=O)[C@H](Cc1ccc(-c2ccccc2)cc1)NC(=O)[C@@H](N)CSCc1ccccc1)C(=O)O
116,110,14,0,8,N[C@@H](CSCc1ccccc1)C(=O)NC(=O)C[C@H](NC(=O)[C@H]1CCCCN1)C(=O)O
43,110,14,2,12,N[C@@H](CSCc1ccccc1)C(=O)N(C(=O)[C@H]1CCCCN1)[C@@H](COCc1ccccc1)C(=O)O
157,34,14,2,6,N[C@@H](CSCc1ccccc1)C(=O)N[C@@H](CCCCNc1ccc([N+](=O)[O-])cc1[N+](=O)[O-])C(=O)N[C@H](C(=O)O)C(c1ccccc1)c1ccccc1
46,34,14,3,7,N[C@@H](CSCc1ccccc1)C(=O)N[C@@H](CCCCNc1ccc([N+](=O)[O-])cc1[N+](=O)[O-])C(=O)N[C@H](COCc1ccccc1)C(=O)O
154,34,24,5,11,COc1ccc(CNCC(=O)N[C@@H](CCCCNc2ccc([N+](=O)[O-])cc2[N+](=O)[O-])C(=O)N[C@H](CO)C(=O)O)c(O)c1
63,34,14,5,7,N[C@@H](CSCc1ccccc1)C(=O)N[C@@H](CCCCNc1ccc([N+](=O)[O-])cc1[N+](=O)[O-])C(=O)N[C@@H](C(=O)O)c1ccccc1
86,34,14,0,4,N[C@@H](CSCc1ccccc1)C(=O)N[C@@H](CCCCNc1ccc([N+](=O)[O-])cc1[N+](=O)[O-])C(=O)N[C@@H](Cc1ccccc1I)C(=O)O
123,34,14,2,6,N[C@@H](CSCc1ccccc1)C(=O)N[C@@H](CCCCNc1ccc([N+](=O)[O-])cc1[N+](=O)[O-])C(=O)N[C@H](Cc1ccc(-c2ccccc2)cc1)C(=O)O
57,34,14,2,1,N[C@@H](CSCc1ccccc1)C(=O)N[C@@H](CCCCNc1ccc([N+](=O)[O-])cc1[N+](=O)[O-])C(=O)N[C@H](CC(=O)O)c1ccccc1C(F)(F)F
59,34,119,1,12,CC(C)[C@H](NC(=O)CNC(=O)[C@H](CCCCNc1ccc([N+](=O)[O-])cc1[N+](=O)[O-])NC(=O)[C@@H](N)CO)C(=O)O
196,34,24,7,13,COc1ccc(CNCC(=O)N[C@@H](CCCCNc2ccc([N+](=O)[O-])cc2[N+](=O)[O-])C(=O)N[C@@H](C(=O)O)C(C)C)c(O)c1
116,34,105,2,5,CC(C)(C)OC(=O)[C@@H](N)CCC(=O)N[C@@H](CCCCNc1ccc([N+](=O)[O-])cc1[N+](=O)[O-])C(=O)N[C@@H](CC(N)=O)C(=O)O
188,118,14,11,15,CC(C)(C)[C@@H](NC(=O)[C@H](CO)NC(=O)[C@@H](N)CSCc1ccccc1)C(=O)O
75,34,119,1,3,N[C@@H](CO)C(=O)N[C@@H](CCCCNc1ccc([N+](=O)[O-])cc1[N+](=O)[O-])C(=O)N[C@@H](Cc1ccccn1)C(=O)O
116,32,35,6,17,NC(=O)C[C@H](NC(=O)C[C@@H](NC(=O)[C@@H](N)CCCCNc1ccc([N+](=O)[O-])cc1[N+](=O)[O-])c1ccc(C(F)(F)F)cc1)C(=O)O
75,34,27,2,2,N[C@@H](Cc1ccsc1)C(=O)N[C@@H](CCCCNc1ccc([N+](=O)[O-])cc1[N+](=O)[O-])C(=O)N[C@@H](Cc1ccccn1)C(=O)O
75,34,2,3,0,O=C(O)[C@H](Cc1ccccn1)NC(=O)[C@H](CCCCNc1ccc([N+](=O)[O-])cc1[N+](=O)[O-])NC(=O)[C@@H]1Cc2c([nH]c3ccccc23)CN1
153,34,14,4,5,N[C@@H](CSCc1ccccc1)C(=O)N[C@@H](CCCCNc1ccc([N+](=O)[O-])cc1[N+](=O)[O-])C(=O)N[C@@H](Cc1ccncc1)C(=O)O
130,34,14,2,3,N[C@@H](CSCc1ccccc1)C(=O)N[C@@H](CCCCNc1ccc([N+](=O)[O-])cc1[N+](=O)[O-])C(=O)N[C@@H](CC(=O)O)Cc1ccc(I)cc1
22,34,24,3,8,C#Cc1ccc(C[C@H](NC(=O)[C@H](CCCCNc2ccc([N+](=O)[O-])cc2[N+](=O)[O-])NC(=O)CNCc2ccc(OC)cc2O)C(=O)O)cc1
196,34,14,5,12,CC(C)[C@@H](NC(=O)[C@H](CCCCNc1ccc([N+](=O)[O-])cc1[N+](=O)[O-])NC(=O)[C@@H](N)CSCc1ccccc1)C(=O)O
51,34,14,5,7,C[C@H](OC(C)(C)C)[C@@H](NC(=O)[C@H](CCCCNc1ccc([N+](=O)[O-])cc1[N+](=O)[O-])NC(=O)[C@@H](N)CSCc1ccccc1)C(=O)O
123,34,15,5,8,C#CCC[C@H](N)C(=O)N[C@@H](CCCCNc1ccc([N+](=O)[O-])cc1[N+](=O)[O-])C(=O)N[C@H](Cc1ccc(-c2ccccc2)cc1)C(=O)O
123,34,149,3,1,N[C@H](CO)C(=O)N[C@@H](CCCCNc1ccc([N+](=O)[O-])cc1[N+](=O)[O-])C(=O)N[C@H](Cc1ccc(-c2ccccc2)cc1)C(=O)O
113,110,14,0,10,CC(C)(C)OC[C@@H](C(=O)O)N(C(=O)[C@@H](N)CSCc1ccccc1)C(=O)[C@H]1CCCCN1
123,34,2,1,4,O=C(N[C@@H](CCCCNc1ccc([N+](=O)[O-])cc1[N+](=O)[O-])C(=O)N[C@H](Cc1ccc(-c2ccccc2)cc1)C(=O)O)[C@@H]1Cc2c([nH]c3ccccc23)CN1
188,71,14,3,5,CC(C)(C)[C@@H](NC(=O)[C@H](CCCCNC(N)=O)NC(=O)[C@@H](N)CSCc1ccccc1)C(=O)O
103,34,119,0,5,CC(=N[C@@H](CNC(=O)[C@H](CCCCNc1ccc([N+](=O)[O-])cc1[N+](=O)[O-])NC(=O)[C@@H](N)CO)C(=O)O)C1=C(O)CC(C)(C)CC1=O
116,89,24,2,6,COc1ccc(CNCC(=O)N[C@H](CC(=O)N[C@@H](CC(N)=O)C(=O)O)Cc2ccccc2F)c(O)c1
75,32,24,0,3,COc1ccc(CNCC(=O)N[C@H](CC(=O)N[C@@H](Cc2ccccn2)C(=O)O)c2ccc(C(F)(F)F)cc2)c(O)c1
123,34,70,2,10,O=C(N[C@@H](CCCCNc1ccc([N+](=O)[O-])cc1[N+](=O)[O-])C(=O)N[C@H](Cc1ccc(-c2ccccc2)cc1)C(=O)O)[C@@H]1COCCN1
117,130,14,1,10,CC(C)(C)[C@@H](C(=O)O)N(C(=O)[C@@H]1CCCCN1)C(=O)[C@@H](N)CSCc1ccccc1
133,130,14,7,11,N[C@@H](CSCc1ccccc1)C(=O)N(CC1CCC(C(=O)O)CC1)C(=O)[C@@H]1CCCCN1
116,89,14,1,6,NC(=O)C[C@H](NC(=O)C[C@H](Cc1ccccc1F)NC(=O)[C@@H](N)CSCc1ccccc1)C(=O)O
97,110,14,0,2,CC(=NCC[C@@H](C(=O)O)N(C(=O)[C@@H](N)CSCc1ccccc1)C(=O)[C@H]1CCCCN1)C1=C(O)CC(C)(C)CC1=O
74,130,14,5,2,N[C@@H](CSCc1ccccc1)C(=O)N(C(=O)[C@@H]1CCCCN1)[C@@H](Cc1ccc(F)c(F)c1)C(=O)O
181,34,14,5,18,N[C@@H](CSCc1ccccc1)C(=O)N[C@@H](CCCCNc1ccc([N+](=O)[O-])cc1[N+](=O)[O-])C(=O)N[C@@H]1CCCC[C@H]1C(=O)O
116,34,67,7,7,CC[C@@H](N)C(=O)N[C@@H](CCCCNc1ccc([N+](=O)[O-])cc1[N+](=O)[O-])C(=O)N[C@@H](CC(N)=O)C(=O)O
170,34,14,2,9,N[C@@H](CSCc1ccccc1)C(=O)N[C@@H](CCCCNc1ccc([N+](=O)[O-])cc1[N+](=O)[O-])C(=O)N[C@@H](Cc1ccc(O)c([N+](=O)[O-])c1)C(=O)O
35,153,14,0,14,N[C@@H](CSCc1ccccc1)C(=O)N[C@@H](CC(=O)N[C@@H](CCCCNc1ccc([N+](=O)[O-])cc1[N+](=O)[O-])C(=O)O)c1ccccc1
75,34,149,13,10,N[C@H](CO)C(=O)N[C@@H](CCCCNc1ccc([N+](=O)[O-])cc1[N+](=O)[O-])C(=O)N[C@@H](Cc1ccccn1)C(=O)O
188,110,14,2,11,CC(C)(C)[C@H](C(=O)O)N(C(=O)[C@@H](N)CSCc1ccccc1)C(=O)[C@H]1CCCCN1
123,118,14,0,3,N[C@@H](CSCc1ccccc1)C(=O)N[C@@H](CO)C(=O)N[C@H](Cc1ccc(-c2ccccc2)cc1)C(=O)O
50,34,14,0,14,C[C@H](OC(C)(C)C)[C@H](NC(=O)[C@H](CCCCNc1ccc([N+](=O)[O-])cc1[N+](=O)[O-])NC(=O)[C@@H](N)CSCc1ccccc1)C(=O)O
123,34,119,0,7,N[C@@H](CO)C(=O)N[C@@H](CCCCNc1ccc([N+](=O)[O-])cc1[N+](=O)[O-])C(=O)N[C@H](Cc1ccc(-c2ccccc2)cc1)C(=O)O
192,130,14,1,3,N[C@@H](CSCc1ccccc1)C(=O)N(CC1CCC(C(=O)O)CC1)C(=O)[C@@H]1CCCCN1
74,110,14,1,5,N[C@@H](CSCc1ccccc1)C(=O)N(C(=O)[C@H]1CCCCN1)[C@@H](Cc1ccc(F)c(F)c1)C(=O)O
168,34,14,2,2,N[C@@H](CSCc1ccccc1)C(=O)N[C@@H](CCCCNc1ccc([N+](=O)[O-])cc1[N+](=O)[O-])C(=O)N[C@@H](Cc1ccc2ccccc2c1)C(=O)O
154,34,14,0,4,N[C@@H](CSCc1ccccc1)C(=O)N[C@@H](CCCCNc1ccc([N+](=O)[O-])cc1[N+](=O)[O-])C(=O)N[C@H](CO)C(=O)O
123,167,14,2,11,N[C@@H](CSCc1ccccc1)C(=O)N[C@@H](Cc1ccccc1Cl)C(=O)N[C@H](Cc1ccc(-c2ccccc2)cc1)C(=O)O
123,32,14,0,7,N[C@@H](CSCc1ccccc1)C(=O)N[C@H](CC(=O)N[C@H](Cc1ccc(-c2ccccc2)cc1)C(=O)O)c1ccc(C(F)(F)F)cc1
73,34,14,1,3,N[C@@H](CSCc1ccccc1)C(=O)N[C@@H](CCCCNc1ccc([N+](=O)[O-])cc1[N+](=O)[O-])C(=O)N1CCOC[C@H]1C(=O)O
123,148,14,1,6,N[C@@H](CSCc1ccccc1)C(=O)N[C@H](CO)C(=O)N[C@H](Cc1ccc(-c2ccccc2)cc1)C(=O)O
94,110,14,2,6,N[C@@H](CSCc1ccccc1)C(=O)N(C(=O)[C@H]1CCCCN1)[C@H](CC(=O)O)Cc1ccccc1F
123,110,14,0,1,N[C@@H](CSCc1ccccc1)C(=O)N(C(=O)[C@H]1CCCCN1)[C@H](Cc1ccc(-c2ccccc2)cc1)C(=O)O
168,34,24,1,3,COc1ccc(CNCC(=O)N[C@@H](CCCCNc2ccc([N+](=O)[O-])cc2[N+](=O)[O-])C(=O)N[C@@H](Cc2ccc3ccccc3c2)C(=O)O)c(O)c1
159,34,14,1,7,N[C@@H](CSCc1ccccc1)C(=O)N[C@@H](CCCCNc1ccc([N+](=O)[O-])cc1[N+](=O)[O-])C(=O)N[C@@H](CC(=O)O)c1ccccc1
83,34,14,3,4,N[C@@H](CSCc1ccccc1)C(=O)N[C@@H](CCCCNc1ccc([N+](=O)[O-])cc1[N+](=O)[O-])C(=O)N[C@H](Cc1ccccc1)C(=O)O
123,116,14,2,11,N[C@@H](CSCc1ccccc1)C(=O)N[C@H](CC(=O)N[C@H](Cc1ccc(-c2ccccc2)cc1)C(=O)O)c1ccccc1C(F)(F)F
97,130,14,5,3,CC(=NCC[C@@H](C(=O)O)N(C(=O)[C@@H]1CCCCN1)C(=O)[C@@H](N)CSCc1ccccc1)C1=C(O)CC(C)(C)CC1=O
172,34,197,1,1,NS(=O)(=O)c1ccc(C(=O)N[C@@H](CCCCNc2ccc([N+](=O)[O-])cc2[N+](=O)[O-])C(=O)N[C@@H](Cc2ccc(-c3ccccc3)cc2)C(=O)O)cc1
151,34,14,4,7,CC(C)(C)Oc1ccc(C[C@H](NC(=O)[C@H](CCCCNc2ccc([N+](=O)[O-])cc2[N+](=O)[O-])NC(=O)[C@@H](N)CSCc2ccccc2)C(=O)O)cc1
35,79,14,3,8,N[C@@H](CSCc1ccccc1)C(=O)N[C@H](Cc1cccc(I)c1)C(=O)N[C@@H](CCCCNc1ccc([N+](=O)[O-])cc1[N+](=O)[O-])C(=O)O
172,34,70,0,1,O=C(O)[C@H](Cc1ccc(-c2ccccc2)cc1)NC(=O)[C@H](CCCCNc1ccc([N+](=O)[O-])cc1[N+](=O)[O-])NC(=O)[C@@H]1COCCN1
46,110,14,4,4,N[C@@H](CSCc1ccccc1)C(=O)N(C(=O)[C@H]1CCCCN1)[C@H](COCc1ccccc1)C(=O)O
149,34,14,2,8,CC[C@H](C)[C@H](NC(=O)[C@H](CCCCNc1ccc([N+](=O)[O-])cc1[N+](=O)[O-])NC(=O)[C@@H](N)CSCc1ccccc1)C(=O)O
165,34,14,7,11,CC(C)(C)O[C@@H]1C[C@@H](C(=O)O)N(C(=O)[C@H](CCCCNc2ccc([N+](=O)[O-])cc2[N+](=O)[O-])NC(=O)[C@@H](N)CSCc2ccccc2)C1
123,130,14,2,1,N[C@@H](CSCc1ccccc1)C(=O)N(C(=O)[C@@H]1CCCCN1)[C@H](Cc1ccc(-c2ccccc2)cc1)C(=O)O
188,130,14,3,7,CC(C)(C)[C@H](C(=O)O)N(C(=O)[C@@H]1CCCCN1)C(=O)[C@@H](N)CSCc1ccccc1
172,34,119,0,0,N[C@@H](CO)C(=O)N[C@@H](CCCCNc1ccc([N+](=O)[O-])cc1[N+](=O)[O-])C(=O)N[C@@H](Cc1ccc(-c2ccccc2)cc1)C(=O)O
123,71,14,2,3,NC(=O)NCCCC[C@H](NC(=O)[C@@H](N)CSCc1ccccc1)C(=O)N[C@H](Cc1ccc(-c2ccccc2)cc1)C(=O)O
192,110,14,0,9,N[C@@H](CSCc1ccccc1)C(=O)N(CC1CCC(C(=O)O)CC1)C(=O)[C@H]1CCCCN1
172,167,14,6,2,N[C@@H](CSCc1ccccc1)C(=O)N[C@@H](Cc1ccccc1Cl)C(=O)N[C@@H](Cc1ccc(-c2ccccc2)cc1)C(=O)O
172,34,24,1,1,COc1ccc(CNCC(=O)N[C@@H](CCCCNc2ccc([N+](=O)[O-])cc2[N+](=O)[O-])C(=O)N[C@@H](Cc2ccc(-c3ccccc3)cc2)C(=O)O)c(O)c1
59,34,67,1,8,CC[C@@H](N)C(=O)N[C@@H](CCCCNc1ccc([N+](=O)[O-])cc1[N+](=O)[O-])C(=O)NCC(=O)N[C@H](C(=O)O)C(C)C
148,34,14,1,0,C[C@@H](OC(C)(C)C)[C@H](NC(=O)[C@H](CCCCNc1ccc([N+](=O)[O-])cc1[N+](=O)[O-])NC(=O)[C@@H](N)CSCc1ccccc1)C(=O)O
172,34,27,0,1,N[C@@H](Cc1ccsc1)C(=O)N[C@@H](CCCCNc1ccc([N+](=O)[O-])cc1[N+](=O)[O-])C(=O)N[C@@H](Cc1ccc(-c2ccccc2)cc1)C(=O)O
46,130,14,1,3,N[C@@H](CSCc1ccccc1)C(=O)N(C(=O)[C@@H]1CCCCN1)[C@H](COCc1ccccc1)C(=O)O
172,34,14,0,1,N[C@@H](CSCc1ccccc1)C(=O)N[C@@H](CCCCNc1ccc([N+](=O)[O-])cc1[N+](=O)[O-])C(=O)N[C@@H](Cc1ccc(-c2ccccc2)cc1)C(=O)O
172,148,14,0,0,N[C@@H](CSCc1ccccc1)C(=O)N[C@H](CO)C(=O)N[C@@H](Cc1ccc(-c2ccccc2)cc1)C(=O)O
172,32,14,0,0,N[C@@H](CSCc1ccccc1)C(=O)N[C@H](CC(=O)N[C@@H](Cc1ccc(-c2ccccc2)cc1)C(=O)O)c1ccc(C(F)(F)F)cc1
172,34,37,0,1,O=C(N[C@@H](CCCCNc1ccc([N+](=O)[O-])cc1[N+](=O)[O-])C(=O)N[C@@H](Cc1ccc(-c2ccccc2)cc1)C(=O)O)C1CCNC1
172,116,14,0,2,N[C@@H](CSCc1ccccc1)C(=O)N[C@H](CC(=O)N[C@@H](Cc1ccc(-c2ccccc2)cc1)C(=O)O)c1ccccc1C(F)(F)F
172,34,149,0,1,N[C@H](CO)C(=O)N[C@@H](CCCCNc1ccc([N+](=O)[O-])cc1[N+](=O)[O-])C(=O)N[C@@H](Cc1ccc(-c2ccccc2)cc1)C(=O)O
172,71,14,0,1,NC(=O)NCCCC[C@H](NC(=O)[C@@H](N)CSCc1ccccc1)C(=O)N[C@@H](Cc1ccc(-c2ccccc2)cc1)C(=O)O
172,110,14,0,3,N[C@@H](CSCc1ccccc1)C(=O)N(C(=O)[C@H]1CCCCN1)[C@@H](Cc1ccc(-c2ccccc2)cc1)C(=O)O
172,118,14,0,0,N[C@@H](CSCc1ccccc1)C(=O)N[C@@H](CO)C(=O)N[C@@H](Cc1ccc(-c2ccccc2)cc1)C(=O)O
172,34,2,0,1,O=C(O)[C@H](Cc1ccc(-c2ccccc2)cc1)NC(=O)[C@H](CCCCNc1ccc([N+](=O)[O-])cc1[N+](=O)[O-])NC(=O)[C@@H]1Cc2c([nH]c3ccccc23)CN1
172,130,14,0,1,N[C@@H](CSCc1ccccc1)C(=O)N(C(=O)[C@@H]1CCCCN1)[C@@H](Cc1ccc(-c2ccccc2)cc1)C(=O)O